1000000;2;1;0;0;0;0;0;0;0;0;0;0;16;16;100;84;1;0;
700000;2;1;0;0;0;0;0;0;0;0;0;0;16;16;54;48;1;0;
700000;2;1;0;0;0;0;0;0;0;0;0;0;16;16;67;48;1;0;
500000;2;0;1;0;0;0;0;0;0;0;0;0;12;12.224355;44;11;1;0;
1750000;2;0;0;1;0;0;0;0;0;0;0;0;10.25;16.198141;0;117;1;1;
1850000;2;1;0;0;0;0;0;0;0;0;0;0;16;16;0;84;1;1;
535000;1;1;0;0;0;0;0;0;0;0;0;0;16;16;77;48;1;0;
1500000;3;0;1;0;0;0;0;0;0;0;0;0;12;12.189253;30;13;1;0;
900000;2;0;0;0;1;0;0;0;0;0;0;0;10.25;17.018371;90;145;1;0;
900000;2;0;0;0;0;1;0;0;0;0;0;0;10.25;16.198133;200;117;1;0;
950000;2;1;0;0;0;0;0;0;0;0;0;0;16;16;78;72;1;0;
1700000;4;1;0;0;0;0;0;0;0;0;0;0;16;16;50;48;1;0;
1000000;2;1;0;0;0;0;0;0;0;0;0;0;16.5;17;55;48;1;0;
1250000;1;0;0;1;0;0;0;0;0;0;0;0;11;20.486819;0;15;1;1;
1950000;2;0;0;0;0;1;0;0;0;0;0;0;16.25;17.329797;0;68;1;1;
6500000;3;0;0;1;0;0;0;0;0;0;0;0;10.25;17.659073;0;56;1;1;
4000000;2;1;0;0;0;0;0;0;0;0;0;0;16;16;210;84;1;1;
1750000;1;0;0;0;1;0;0;0;0;0;0;0;10.25;16.198141;0;117;1;1;
4500000;2;0;0;0;1;0;0;0;0;0;0;0;10.25;16.198133;110;117;1;1;
1450000;1;0;0;1;0;0;0;0;0;0;0;0;10.25;16.198141;0;117;1;1;
2750000;2;0;0;1;0;0;0;0;0;0;0;0;11;20.375825;0;15;1;1;
5100000;3;0;0;0;0;0;0;0;0;0;0;1;11;18.131295;0;75;1;1;
4500000;2;0;0;0;0;0;0;0;1;0;0;0;11;19.832781;0;27;1;1;
5500000;2;0;0;1;0;0;0;0;0;0;0;0;10.25;17.018379;0;80;1;1;
1750000;1;0;0;1;0;0;0;0;0;0;0;0;10.25;18.000001;0;44;1;1;
3500000;2;0;0;0;0;0;1;0;0;0;0;0;10.25;18.332555;0;32;1;1;
1600000;2;0;0;1;0;0;0;0;0;0;0;0;10.25;16.198141;0;116;1;1;
1800000;2;0;0;1;0;0;0;0;0;0;0;0;10.25;16.198137;0;116;1;1;
1050000;2;0;0;0;0;0;1;0;0;0;0;0;10.25;16.198134;155;116;1;0;
1020000;2;0;0;1;0;0;0;0;0;0;0;0;10.25;16.198134;122;116;1;0;
4000000;2;1;0;0;0;0;0;0;0;0;0;0;16;16;0;24;1;1;
4500000;2;1;0;0;0;0;0;0;0;0;0;0;16;16;0;36;1;1;
3000000;2;1;0;0;0;0;0;0;0;0;0;0;16;16;0;72;1;1;
4000000;2;0;0;1;0;0;0;0;0;0;0;0;10.25;17.999989;0;45;1;1;
1250000;1;1;0;0;0;0;0;0;0;0;0;0;16;16;0;24;1;1;
830000;2;0;0;0;0;0;0;0;1;0;0;0;16;16;78;84;1;0;
1490000;1;1;0;0;0;0;0;0;0;0;0;0;16;16;0;60;1;1;
1000000;2;1;0;0;0;0;0;0;0;0;0;0;16;16;77;60;1;0;
850000;2;0;0;1;0;0;0;0;0;0;0;0;11;18.139419;98;75;1;0;
930000;2;0;0;0;0;0;0;0;0;0;0;1;11;19.830175;32;27;1;0;
1000000;2;0;0;1;0;0;0;0;0;0;0;0;10.25;16.198141;69;117;1;0;
1750000;2;0;0;1;0;0;0;0;0;0;0;0;10.25;16.198141;0;117;1;1;
500000;2;0;0;0;0;0;0;1;0;0;0;0;12;12.154779;45;23;1;0;
850000;2;0;0;1;0;0;0;0;0;0;0;0;11;19.342673;53;39;1;0;
850000;2;0;0;1;0;0;0;0;0;0;0;0;10.25;16.198141;89;116;1;0;
900000;2;1;0;0;0;0;0;0;0;0;0;0;16;15.945805;43;84;1;0;
550000;2;1;0;0;0;0;0;0;0;0;0;0;16;16;56;48;1;0;
1250000;2;0;0;1;0;0;0;0;0;0;0;0;10.25;17.018379;65;81;1;0;
5500000;2;1;0;0;0;0;0;0;0;0;0;0;16;16;0;48;1;1;
1550000;1;1;0;0;0;0;0;0;0;0;0;0;16;16;0;60;1;1;
755000;2;1;0;0;0;0;0;0;0;0;0;0;16;16;66;84;1;0;
1750000;1;0;0;1;0;0;0;0;0;0;0;0;10.25;16.198141;0;117;1;1;
1750000;2;0;0;1;0;0;0;0;0;0;0;0;10.25;16.198141;0;117;1;1;
900000;2;1;0;0;0;0;0;0;0;0;0;0;16;16;57;24;1;0;
6300000;4;1;0;0;0;0;0;0;0;0;0;0;16;16;0;24;1;0;
1750000;2;0;0;0;0;0;0;0;0;0;1;0;14;14.495042;0;23;1;1;
550000;1;1;0;0;0;0;0;0;0;0;0;0;16;16;55;48;1;0;
960000;2;1;0;0;0;0;0;0;0;0;0;0;16;16;99;84;1;0;
900000;2;1;0;0;0;0;0;0;0;0;0;0;16;16;50;84;1;0;
350000;1;0;0;1;0;0;0;0;0;0;0;0;10.25;16.198141;120;116;1;0;
2250000;2;0;0;1;0;0;0;0;0;0;0;0;10.25;16.726302;0;92;1;1;
1750000;2;0;0;1;0;0;0;0;0;0;0;0;10.25;16.198141;0;117;1;1;
700000;2;1;0;0;0;0;0;0;0;0;0;0;16;16;88;83;1;0;
900000;2;0;0;1;0;0;0;0;0;0;0;0;11;18.136671;80;75;1;0;
550000;2;1;0;0;0;0;0;0;0;0;0;0;16;16;65;48;1;0;
1750000;3;0;0;1;0;0;0;0;0;0;0;0;10.25;17.018379;87;81;1;0;
900000;2;0;0;1;0;0;0;0;0;0;0;0;10.25;17.018371;99;80;1;0;
1350000;3;0;0;1;0;0;0;0;0;0;0;0;10.25;17.659079;66;56;1;0;
800000;2;0;0;1;0;0;0;0;0;0;0;0;10.25;16.198136;130;116;1;0;
1250000;2;0;0;1;0;0;0;0;0;0;0;0;10.25;16.198138;280;116;1;0;
1000000;2;1;0;0;0;0;0;0;0;0;0;0;16;16;80;72;1;0;
1500000;1;0;0;0;0;0;0;0;0;1;0;0;9.75;9.881511;0;169;1;1;
1450000;1;0;0;1;0;0;0;0;0;0;0;0;10.25;16.198141;0;116;1;1;
1250000;1;0;0;1;0;0;0;0;0;0;0;0;10.25;17.329791;0;67;1;1;
1250000;1;0;0;1;0;0;0;0;0;0;0;0;10.25;16.726302;0;92;1;1;
2250000;2;0;0;1;0;0;0;0;0;0;0;0;10.25;16.198138;0;116;1;1;
900000;2;1;0;0;0;0;0;0;0;0;0;0;16;16;85;84;1;0;
820000;2;1;0;0;0;0;0;0;0;0;0;0;16;16;78;84;1;0;
700000;2;1;0;0;0;0;0;0;0;0;0;0;16;16;98;84;1;0;
650000;2;1;0;0;0;0;0;0;0;0;0;0;16;16.545577;59;51;1;0;
4000000;2;0;0;1;0;0;0;0;0;0;0;0;10.25;17.659075;0;57;1;1;
1500000;1;0;0;1;0;0;0;0;0;0;0;0;10.25;16.198136;0;117;1;1;
3250000;2;0;0;0;0;0;0;0;0;1;0;0;9.75;9.75;0;129;1;1;
4500000;2;1;0;0;0;0;0;0;0;0;0;0;16;15.912437;0;36;1;1;
1750000;2;1;0;0;0;0;0;0;0;0;0;0;16;16;0;84;1;1;
700000;2;1;0;0;0;0;0;0;0;0;0;0;16;15.959336;89;84;1;0;
850000;2;1;0;0;0;0;0;0;0;0;0;0;16;16;98;84;1;0;
795000;2;1;0;0;0;0;0;0;0;0;0;0;16;16;40;36;1;0;
2700000;2;1;0;0;0;0;0;0;0;0;0;0;16;16;0;24;1;1;
1350000;3;0;0;1;0;0;0;0;0;0;0;0;10.25;17.018374;92;81;1;0;
950000;2;1;0;0;0;0;0;0;0;0;0;0;16;16;87;72;1;0;
550000;2;1;0;0;0;0;0;0;0;0;0;0;16;16;76;60;1;0;
1085000;2;1;0;0;0;0;0;0;0;0;0;0;16;16;95;84;1;0;
1350000;3;0;0;1;0;0;0;0;0;0;0;0;10.25;17.018374;120;81;1;0;
1750000;3;1;0;0;0;0;0;0;0;0;0;0;16;15.959336;117;84;1;0;
1750000;2;1;0;0;0;0;0;0;0;0;0;0;16;16;0;84;1;1;
1095000;2;1;0;0;0;0;0;0;0;0;0;0;16;16;90;83;1;0;
1500000;3;1;0;0;0;0;0;0;0;0;0;0;16;16;110;84;1;0;
2750000;2;1;0;0;0;0;0;0;0;0;0;0;16;16;0;24;1;1;
720000;2;1;0;0;0;0;0;0;0;0;0;0;16;16;34;12;1;0;
700000;2;1;0;0;0;0;0;0;0;0;0;0;16;16;23;12;1;0;
800000;2;1;0;0;0;0;0;0;0;0;0;0;16;16;56;36;1;0;
1250000;2;1;0;0;0;0;0;0;0;0;0;0;16;16;35;24;1;0;
800000;2;1;0;0;0;0;0;0;0;0;0;0;16;15.951603;123;83;1;0;
1800000;2;1;0;0;0;0;0;0;0;0;0;0;16;16;0;35;1;1;
1500000;1;0;0;1;0;0;0;0;0;0;0;0;10.25;16.198136;0;117;1;1;
3500000;2;1;0;0;0;0;0;0;0;0;0;0;16;16;0;12;1;1;
1250000;2;1;0;0;0;0;0;0;0;0;0;0;16;16;112;84;1;0;
1350000;2;1;0;0;0;0;0;0;0;0;0;0;16;15.979032;150;84;1;0;
4500000;2;1;0;0;0;0;0;0;0;0;0;0;16;16.627601;0;38;1;1;
5100000;2;1;0;0;0;0;0;0;0;0;0;0;16;16.440395;0;62;1;1;
800000;2;1;0;0;0;0;0;0;0;0;0;0;16;16.363221;89;86;1;0;
900000;2;1;0;0;0;0;0;0;0;0;0;0;16;16.357497;95;86;1;0;
1350000;2;1;0;0;0;0;0;0;0;0;0;0;16;16.431932;91;74;1;0;
1400000;3;1;0;0;0;0;0;0;0;0;0;0;16;16.387129;132;86;1;0;
800000;2;1;0;0;0;0;0;0;0;0;0;0;16;16.363221;110;86;1;0;
1850000;2;1;0;0;0;0;0;0;0;0;0;0;16;16.367515;0;86;1;1;
900000;2;1;0;0;0;0;0;0;0;0;0;0;16;16.357497;116;86;1;0;
1000000;2;1;0;0;0;0;0;0;0;0;0;0;16;15.941297;110;84;1;0;
650000;2;0;0;1;0;0;0;0;0;0;0;0;11;19.338686;47;36;1;0;
1450000;1;0;0;1;0;0;0;0;0;0;0;0;10.25;17.329793;0;70;1;1;
2750000;2;0;0;1;0;0;0;0;0;0;0;0;10.25;17.999992;0;46;1;1;
1550000;1;0;0;1;0;0;0;0;0;0;0;0;10.25;16.198138;0;118;1;1;
1300000;2;0;0;1;0;0;0;0;0;0;0;0;10.25;16.198141;111;118;1;0;
1750000;2;0;0;1;0;0;0;0;0;0;0;0;10.25;16.198141;0;118;1;1;
1750000;4;0;0;1;0;0;0;0;0;0;0;0;10.25;16.198141;123;118;1;0;
1320000;2;0;0;1;0;0;0;0;0;0;0;0;10.25;16.198135;144;118;1;0;
1850000;2;0;0;1;0;0;0;0;0;0;0;0;10.25;16.198139;0;118;1;1;
1030000;2;0;0;1;0;0;0;0;0;0;0;0;10.25;16.198141;120;118;1;0;
1000000;2;0;0;1;0;0;0;0;0;0;0;0;10.25;17.659081;66;58;1;0;
900000;2;0;0;1;0;0;0;0;0;0;0;0;10.25;17.329797;88;70;1;0;
1250000;2;1;0;0;0;0;0;0;0;0;0;0;16;16.397597;87;87;1;0;
1250000;2;1;0;0;0;0;0;0;0;0;0;0;16;16.697968;63;39;1;0;
1250000;2;1;0;0;0;0;0;0;0;0;0;0;16;16.397597;134;87;1;0;
2900000;2;1;0;0;0;0;0;0;0;0;0;0;16;16.357497;0;87;1;1;
1150000;2;0;0;0;0;0;0;0;0;1;0;0;9.75;9.75;155;116;1;0;
1250000;2;1;0;0;0;0;0;0;0;0;0;0;16;16.397597;94;86;1;0;
550000;2;1;0;0;0;0;0;0;0;0;0;0;16;16.507501;87;50;1;0;
1350000;2;1;0;0;0;0;0;0;0;0;0;0;16;16.538522;63;50;1;0;
950000;2;1;0;0;0;0;0;0;0;0;0;0;16;16.44398;79;63;1;0;
830000;2;1;0;0;0;0;0;0;0;0;0;0;16;16.361339;119;87;1;0;
1250000;2;0;0;1;0;0;0;0;0;0;0;0;10.25;16.726302;136;91;1;0;
1000000;2;1;0;0;0;0;0;0;0;0;0;0;16;16.353046;113;87;1;0;
1050000;2;0;0;1;0;0;0;0;0;0;0;0;10.25;16.198134;200;118;1;0;
1000000;2;0;0;1;0;0;0;0;0;0;0;0;10.25;16.726308;99;94;1;0;
1950000;2;0;0;1;0;0;0;0;0;0;0;0;10.25;17.65908;0;58;1;1;
4500000;2;0;0;1;0;0;0;0;0;0;0;0;10.25;18.332562;0;34;1;1;
1080000;2;0;0;1;0;0;0;0;0;0;0;0;10.25;17.329797;120;70;1;0;
420000;2;0;0;1;0;0;0;0;0;0;0;0;10.25;17.659069;66;58;1;0;
810000;2;0;0;1;0;0;0;0;0;0;0;0;10.25;16.726303;88;94;1;0;
980000;2;0;0;1;0;0;0;0;0;0;0;0;10.25;17.999998;87;46;1;0;
1250000;2;0;0;1;0;0;0;0;0;0;0;0;10.25;16.198138;63;118;1;0;
1550000;1;0;0;1;0;0;0;0;0;0;0;0;10.25;16.198138;0;118;1;1;
1330000;1;0;0;1;0;0;0;0;0;0;0;0;10.25;16.198141;0;118;1;1;
1400000;1;0;0;1;0;0;0;0;0;0;0;0;10.25;16.726303;0;94;1;1;
800000;2;1;0;0;0;0;0;0;0;0;0;0;16;16.363221;100;87;1;0;
700000;2;1;0;0;0;0;0;0;0;0;0;0;16;16.370855;99;87;1;0;
900000;2;1;0;0;0;0;0;0;0;0;0;0;16;16.357497;88;86;1;0;
2250000;2;1;0;0;0;0;0;0;0;0;0;0;16;17.162152;0;15;1;1;
6500000;2;1;0;0;0;0;0;0;0;0;0;0;16;16.545577;0;51;1;0;
1750000;1;0;0;1;0;0;0;0;0;0;0;0;10.25;17.329796;0;68;1;1;
2000000;2;0;0;1;0;0;0;0;0;0;0;0;10.25;16.198139;0;116;1;1;
1000000;2;0;1;0;0;0;0;0;0;0;0;0;12;12;55;32;1;0;
900000;2;0;0;1;0;0;0;0;0;0;0;0;11;19.338686;77;39;1;0;
700000;2;0;0;1;0;0;0;0;0;0;0;0;11;19.358626;55;39;1;0;
1500000;3;0;0;1;0;0;0;0;0;0;0;0;10.25;16.198136;143;116;1;0;
660000;2;1;0;0;0;0;0;0;0;0;0;0;16;16.657742;77;38;1;0;
1500000;2;0;0;0;0;0;0;0;0;1;0;0;9.75;9.75;0;176;1;1;
2250000;4;0;0;1;0;0;0;0;0;0;0;0;10.75;17.171217;166;120;1;0;
1750000;2;1;0;0;0;0;0;0;0;0;0;0;16;16.370855;0;87;1;1;
1350000;2;1;0;0;0;0;0;0;0;0;0;0;16;16.3903;155;86;1;0;
400000;1;1;0;0;0;0;0;0;0;0;0;0;16;16.363221;94;86;1;0;
940000;2;1;0;0;0;0;0;0;0;0;0;0;16;16.516361;87;51;1;0;
1090000;2;0;0;1;0;0;0;0;0;0;0;0;10.25;16.198141;63;118;1;0;
1000000;2;0;0;1;0;0;0;0;0;0;0;0;10.25;17.659081;79;58;1;0;
850000;2;0;0;1;0;0;0;0;0;0;0;0;10.75;17.791655;119;96;1;0;
1250000;2;0;0;1;0;0;0;0;0;0;0;0;10.25;16.198138;136;116;1;0;
1650000;1;0;0;1;0;0;0;0;0;0;0;0;10.25;16.198136;0;116;1;1;
2250000;2;0;0;1;0;0;0;0;0;0;0;0;10.25;16.453237;0;104;1;1;
1550000;1;0;0;1;0;0;0;0;0;0;0;0;10.25;17.329794;0;68;1;1;
1650000;2;1;0;0;0;0;0;0;0;0;0;0;16;16.41464;0;74;1;1;
1350000;2;0;0;1;0;0;0;0;0;0;0;0;10.25;16.198135;144;116;1;0;
2250000;4;0;0;1;0;0;0;0;0;0;0;0;10.25;16.198138;200;116;1;0;
1250000;2;0;0;1;0;0;0;0;0;0;0;0;10.25;16.198138;119;116;1;0;
1000000;2;0;0;1;0;0;0;0;0;0;0;0;10.25;16.726308;99;92;1;0;
1750000;1;0;0;1;0;0;0;0;0;0;0;0;10.25;17.018379;0;80;1;1;
2050000;2;0;0;1;0;0;0;0;0;0;0;0;10.25;17.01838;0;80;1;1;
1950000;1;0;0;1;0;0;0;0;0;0;0;0;10.25;16.198137;0;116;1;1;
450000;2;0;0;1;0;0;0;0;0;0;0;0;11;19.338686;43;39;1;0;
1750000;3;0;0;1;0;0;0;0;0;0;0;0;11;20.425127;33;15;1;0;
2000000;2;0;0;1;0;0;0;0;0;0;0;0;10.25;17.018379;0;80;1;1;
4500000;2;1;0;0;0;0;0;0;0;0;0;0;16;15.912437;0;36;1;1;
5500000;3;1;0;0;0;0;0;0;0;0;0;0;16;15.913294;0;48;1;1;
1350000;2;0;0;1;0;0;0;0;0;0;0;0;10.25;16.198135;158;116;1;0;
975000;2;0;0;1;0;0;0;0;0;0;0;0;11;19.818361;33;26;1;0;
725000;2;0;0;1;0;0;0;0;0;0;0;0;11;20.394308;23;15;1;0;
250000;2;0;1;0;0;0;0;0;0;0;0;0;12;12;77;31;1;0;
550000;1;1;0;0;0;0;0;0;0;0;0;0;16;16.507501;88;50;1;0;
550000;2;1;0;0;0;0;0;0;0;0;0;0;16;16.436913;98;62;1;0;
950000;2;1;0;0;0;0;0;0;0;0;0;0;16;16.355141;95;86;1;0;
800000;2;1;0;0;0;0;0;0;0;0;0;0;16;16.45408;87;62;1;0;
275000;1;1;0;0;0;0;0;0;0;0;0;0;16;15.913294;65;48;1;0;
300000;1;0;0;0;0;0;0;0;0;0;1;0;14;14.708722;43;24;1;0;
1550000;1;1;0;0;0;0;0;0;0;0;0;0;16;16.419516;0;74;1;1;
1750000;2;0;0;1;0;0;0;0;0;0;0;0;10;16.37507;0;77;1;1;
1500000;1;0;0;1;0;0;0;0;0;0;0;0;10.25;16.198136;0;115;1;1;
1250000;1;0;0;1;0;0;0;0;0;0;0;0;10.25;16.198138;0;115;1;1;
860000;2;0;0;1;0;0;0;0;0;0;0;0;10.25;16.198137;164;115;1;0;
700000;2;1;0;0;0;0;0;0;0;0;0;0;16;16.370855;95;87;0;0;
550000;2;0;0;1;0;0;0;0;0;0;0;0;10.25;16.726302;99;91;0;0;
1850000;3;0;0;1;0;0;0;0;0;0;0;0;10.25;16.198139;136;115;0;0;
1600000;3;0;0;1;0;0;0;0;0;0;0;0;10.25;18.000001;65;43;0;0;
1500000;3;0;0;1;0;0;0;0;0;0;0;0;10.25;16.198136;132;115;0;0;
1250000;2;0;0;1;0;0;0;0;0;0;0;0;10.25;16.198138;220;115;1;0;
450000;2;0;0;1;0;0;0;0;0;0;0;0;10.25;17.329787;89;67;0;0;
700000;2;0;0;1;0;0;0;0;0;0;0;0;10.25;16.726308;76;91;0;0;
1000000;2;0;0;1;0;0;0;0;0;0;0;0;10.25;16.726308;87;91;1;0;
700000;2;0;0;1;0;0;0;0;0;0;0;0;10.25;17.659081;67;55;0;0;
350000;2;0;0;1;0;0;0;0;0;0;0;0;10.25;18.332558;44;31;0;0;
1750000;3;0;0;1;0;0;0;0;0;0;0;0;10.25;16.726308;99;91;0;0;
1000000;2;1;0;0;0;0;0;0;0;0;0;0;16;15.941297;99;86;0;0;
4800000;2;0;0;1;0;0;0;0;0;0;0;0;10.25;18.332558;0;31;1;1;
1850000;1;0;0;1;0;0;0;0;0;0;0;0;10.25;16.198139;0;116;1;1;
550000;2;0;0;1;0;0;0;0;0;0;0;0;10.25;17.659077;65;55;1;0;
900000;2;0;0;1;0;0;0;0;0;0;0;0;10.25;16.726304;111;91;1;0;
1250000;2;0;0;1;0;0;0;0;0;0;0;0;10.25;16.198138;119;115;1;0;
1350000;2;0;0;1;0;0;0;0;0;0;0;0;10.25;16.198135;142;115;1;0;
1450000;1;0;0;1;0;0;0;0;0;0;0;0;10.25;16.198141;0;115;1;1;
530000;2;0;0;1;0;0;0;0;0;0;0;0;10.25;17.329787;87;67;1;0;
900000;2;0;0;1;0;0;0;0;0;0;0;0;10.25;16.726304;98;91;1;0;
800000;2;0;0;1;0;0;0;0;0;0;0;0;10.25;17.018376;93;79;1;0;
660000;2;1;0;0;0;0;0;0;0;0;0;0;16;15.963203;91;85;1;0;
1300000;1;1;0;0;0;0;0;0;0;0;0;0;16;15.979893;0;62;1;1;
1600000;1;0;0;1;0;0;0;0;0;0;0;0;10.25;18.409516;0;8;1;1;
700000;2;0;0;1;0;0;0;0;0;0;0;0;10;16.95714;69;53;1;0;
275000;2;0;0;1;0;0;0;0;0;0;0;0;10;17.273737;44;41;1;0;
1250000;2;1;0;0;0;0;0;0;0;0;0;0;16;15.985611;89;74;1;0;
1000000;2;0;0;1;0;0;0;0;0;0;0;0;10.25;16.198141;119;118;1;0;
1650000;2;0;0;1;0;0;0;0;0;0;0;0;10.25;16.198136;0;118;1;1;
500000;2;0;0;1;0;0;0;0;0;0;0;0;10.25;16.198141;165;118;1;0;
1380000;2;0;0;1;0;0;0;0;0;0;0;0;10.25;16.726305;115;94;1;0;
900000;2;0;0;1;0;0;0;0;0;0;0;0;10.25;16.726304;99;94;1;0;
3500000;2;1;0;0;0;0;0;0;0;0;0;0;16;16.837769;0;26;1;1;
900000;2;0;0;1;0;0;0;0;0;0;0;0;10.25;16.726304;97;92;1;0;
4500000;2;0;0;1;0;0;0;0;0;0;0;0;10;17.273737;0;41;1;1;
1250000;2;0;0;1;0;0;0;0;0;0;0;0;10;16.37507;89;77;1;0;
1400000;1;0;0;1;0;0;0;0;0;0;0;0;10.25;16.198138;0;116;1;1;
2250000;2;0;0;1;0;0;0;0;0;0;0;0;10.25;16.198138;0;118;1;1;
700000;2;0;0;1;0;0;0;0;0;0;0;0;10.25;17.659081;69;58;1;0;
950000;2;0;0;1;0;0;0;0;0;0;0;0;10.25;18.332563;44;34;1;0;
1020000;2;0;0;1;0;0;0;0;0;0;0;0;10.25;16.726304;98;94;1;0;
1500000;1;1;0;0;0;0;0;0;0;0;0;0;16;15.970167;0;86;1;1;
800000;2;1;0;0;0;0;0;0;0;0;0;0;16;16.363221;112;86;1;0;
850000;2;0;0;1;0;0;0;0;0;0;0;0;10.25;16.198141;143;115;1;0;
800000;2;0;0;1;0;0;0;0;0;0;0;0;10.25;16.453239;132;104;1;0;
2050000;2;0;0;1;0;0;0;0;0;0;0;0;10.25;16.198141;0;116;1;1;
1700000;1;0;0;1;0;0;0;0;0;0;0;0;10.25;16.726308;0;91;1;1;
2550000;2;0;0;1;0;0;0;0;0;0;0;0;10.25;16.726302;0;91;1;1;
2700000;2;0;0;1;0;0;0;0;0;0;0;0;10.25;16.453232;0;103;1;1;
1700000;1;0;0;1;0;0;0;0;0;0;0;0;10.25;16.198141;0;115;1;1;
3250000;2;1;0;0;0;0;0;0;0;0;0;0;16;15.986423;0;86;1;1;
1850000;1;1;0;0;0;0;0;0;0;0;0;0;16;15.94369;0;74;1;1;
1800000;1;0;0;1;0;0;0;0;0;0;0;0;10;16.37507;0;77;1;1;
1850000;1;0;0;1;0;0;0;0;0;0;0;0;10.25;16.726302;0;91;1;1;
2150000;2;0;0;1;0;0;0;0;0;0;0;0;10.25;16.198139;0;115;1;1;
1930000;2;0;0;1;0;0;0;0;0;0;0;0;10.25;18.33256;0;31;1;1;
2350000;2;0;0;1;0;0;0;0;0;0;0;0;10.25;18.332558;0;32;1;1;
1750000;1;0;0;1;0;0;0;0;0;0;0;0;10.25;16.726308;0;91;1;1;
1830000;2;0;0;1;0;0;0;0;0;0;0;0;10;16.37507;0;76;1;1;
3800000;2;0;0;1;0;0;0;0;0;0;0;0;10;16.37507;0;76;1;1;
1550000;1;1;0;0;0;0;0;0;0;0;0;0;16;16.436913;0;62;1;1;
1400000;1;1;0;0;0;0;0;0;0;0;0;0;16;16.387129;0;86;1;1;
4850000;2;0;0;1;0;0;0;0;0;0;0;0;10.25;16.726308;0;91;1;1;
1900000;2;0;0;1;0;0;0;0;0;0;0;0;10.25;17.999996;0;43;1;1;
1900000;1;0;0;1;0;0;0;0;0;0;0;0;10.25;16.726304;0;92;1;1;
1550000;2;0;0;1;0;0;0;0;0;0;0;0;10;16.37507;89;77;1;0;
2900000;2;0;0;1;0;0;0;0;0;0;0;0;10.25;16.726304;0;92;1;1;
2450000;2;0;0;1;0;0;0;0;0;0;0;0;10.25;17.65907;0;56;1;1;
2800000;2;0;0;1;0;0;0;0;0;0;0;0;10.25;16.198136;0;115;1;1;
1750000;1;1;0;0;0;0;0;0;0;0;0;0;16;16.397597;0;86;1;1;
1450000;1;0;0;1;0;0;0;0;0;0;0;0;10;16.37507;0;77;1;1;
1950000;2;0;0;1;0;0;0;0;0;0;0;0;10;16.37507;0;77;1;1;
2670000;2;0;0;1;0;0;0;0;0;0;0;0;10;16.37507;0;76;1;1;
700000;2;0;0;1;0;0;0;0;0;0;0;0;10.25;16.198141;128;115;1;0;
850000;2;1;0;0;0;0;0;0;0;0;0;0;16;15.948511;143;86;1;0;
3125000;2;1;0;0;0;0;0;0;0;0;0;0;16;16.898149;0;27;1;1;
1450000;1;0;0;1;0;0;0;0;0;0;0;0;10.25;16.726308;0;94;1;1;
2850000;2;0;0;1;0;0;0;0;0;0;0;0;10.25;16.198141;0;118;1;1;
1500000;1;0;0;1;0;0;0;0;0;0;0;0;10.25;16.726305;0;94;1;1;
2550000;2;0;0;1;0;0;0;0;0;0;0;0;10.25;18.332555;0;34;1;1;
1450000;3;1;0;0;0;0;0;0;0;0;0;0;16;16.384222;123;86;1;0;
2125000;2;0;0;1;0;0;0;0;0;0;0;0;10.25;18.409509;0;10;1;1;
2250000;2;0;0;1;0;0;0;0;0;0;0;0;10.25;17.329791;0;68;1;1;
1500000;1;1;0;0;0;0;0;0;0;0;0;0;16;16.476986;0;62;1;1;
3250000;2;0;0;1;0;0;0;0;0;0;0;0;10.25;16.198138;0;118;1;1;
2450000;2;0;0;1;0;0;0;0;0;0;0;0;10.25;17.329787;0;70;1;1;
1450000;2;0;0;1;0;0;0;0;0;0;0;0;10.25;16.198141;126;118;1;0;
2960000;2;0;0;1;0;0;0;0;0;0;0;0;10.25;17.659079;0;58;1;1;
2700000;2;0;0;1;0;0;0;0;0;0;0;0;10.25;16.726308;0;91;1;1;
1850000;1;0;0;1;0;0;0;0;0;0;0;0;10.25;17.659077;0;55;1;1;
2250000;2;1;0;0;0;0;0;0;0;0;0;0;16;15.983879;0;50;1;1;
5550000;3;0;0;1;0;0;0;0;0;0;0;0;10.25;17.659077;0;58;1;1;
2250000;2;0;0;1;0;0;0;0;0;0;0;0;10.25;16.198138;0;118;1;1;
1750000;2;0;0;1;0;0;0;0;0;0;0;0;10.25;16.726308;0;94;1;1;
2040000;2;0;0;1;0;0;0;0;0;0;0;0;10.25;16.198137;0;118;1;1;
2850000;2;0;0;1;0;0;0;0;0;0;0;0;10.25;16.726308;0;93;1;1;
2550000;2;0;0;1;0;0;0;0;0;0;0;0;10.25;17.659077;0;58;1;1;
1850000;1;0;0;1;0;0;0;0;0;0;0;0;10.25;16.198141;0;118;1;1;
1280000;2;0;0;1;0;0;0;0;0;0;0;0;10.25;16.198138;118;118;1;0;
1250000;2;0;0;1;0;0;0;0;0;0;0;0;10.25;16.726302;97;94;1;0;
2800000;2;1;0;0;0;0;0;0;0;0;0;0;16;15.951603;0;86;0;1;
2450000;2;1;0;0;0;0;0;0;0;0;0;0;16;15.934034;0;62;0;1;
2320000;2;1;0;0;0;0;0;0;0;0;0;0;16;15.981104;0;86;0;1;
2990000;2;0;0;1;0;0;0;0;0;0;0;0;10.25;16.198134;0;116;0;1;
1850000;1;0;0;1;0;0;0;0;0;0;0;0;10.25;16.198139;0;116;0;1;
2760000;2;1;0;0;0;0;0;0;0;0;0;0;16;15.950218;0;74;0;1;
2800000;2;0;0;1;0;0;0;0;0;0;0;0;10.25;16.726299;0;91;0;1;
1020000;2;0;0;1;0;0;0;0;0;0;0;0;10.25;17.659079;81;55;1;0;
2850000;2;0;0;1;0;0;0;0;0;0;0;0;10.25;16.726308;0;91;1;1;
2450000;2;0;0;1;0;0;0;0;0;0;0;0;10.25;18.332562;0;31;1;1;
2900000;2;0;0;1;0;0;0;0;0;0;0;0;10.25;16.726304;0;91;1;1;
3900000;2;0;0;1;0;0;0;0;0;0;0;0;10.25;16.198133;0;115;1;1;
1400000;1;1;0;0;0;0;0;0;0;0;0;0;16;16.387129;0;86;1;1;
2350000;2;1;0;0;0;0;0;0;0;0;0;0;16;16.538522;0;50;1;1;
1750000;1;1;0;0;0;0;0;0;0;0;0;0;16;15.959336;0;86;1;1;
2250000;2;1;0;0;0;0;0;0;0;0;0;0;16;15.984725;0;62;1;1;
1750000;2;1;0;0;0;0;0;0;0;0;0;0;16;15.950921;0;62;1;1;
1650000;2;1;0;0;0;0;0;0;0;0;0;0;16;15.984725;0;62;1;1;
1900000;2;0;0;1;0;0;0;0;0;0;0;0;10.25;16.198133;0;117;1;1;
2900000;2;0;0;1;0;0;0;0;0;0;0;0;10.25;16.726304;0;93;1;1;
2250000;2;0;0;1;0;0;0;0;0;0;0;0;10.25;16.453237;0;105;1;1;
1550000;2;1;0;0;0;0;0;0;0;0;0;0;16;15.278611;0;32;1;1;
2250000;2;0;0;1;0;0;0;0;0;0;0;0;10.25;16.198138;0;117;1;1;
2050000;2;0;0;1;0;0;0;0;0;0;0;0;10.25;16.453237;0;105;1;1;
2950000;2;1;0;0;0;0;0;0;0;0;0;0;16;15.583671;0;80;1;1;
3750000;2;0;0;1;0;0;0;0;0;0;0;0;10.25;16.198131;0;118;1;1;
3150000;2;0;0;0;0;0;1;0;0;0;0;0;13;13.802063;0;32;1;1;
2250000;2;0;1;0;0;0;0;0;0;0;0;0;12;12;0;19;1;1;
1550000;2;1;0;0;0;0;0;0;0;0;0;0;16;15.583671;0;80;1;1;
2970000;2;0;0;1;0;0;0;0;0;0;0;0;10.25;18.000001;0;45;1;1;
3550000;2;1;0;0;0;0;0;0;0;0;0;0;16;16;0;83;1;1;
1175000;1;0;0;0;0;0;0;0;0;1;0;0;9.75;9.75;0;116;1;1;
2850000;2;1;0;0;0;0;0;0;0;0;0;0;16;15.481999;0;56;1;1;
2800000;2;1;0;0;0;0;0;0;0;0;0;0;16;15.540232;0;67;1;1;
1950000;2;0;0;1;0;0;0;0;0;0;0;0;10.25;16.198138;0;117;1;1;
2175000;2;1;0;0;0;0;0;0;0;0;0;0;16;16;0;23;1;1;
3850000;2;0;0;1;0;0;0;0;0;0;0;0;10.25;17.329791;0;70;1;1;
2700000;2;0;0;1;0;0;0;0;0;0;0;0;10.25;16.726308;0;89;1;1;
1950000;2;0;0;1;0;0;0;0;0;0;0;0;10.25;17.329792;0;69;1;1;
3550000;2;0;0;1;0;0;0;0;0;0;0;0;10.25;16.726302;0;93;1;1;
1000000;2;0;0;1;0;0;0;0;0;0;0;0;10.25;16.726308;90;89;1;0;
1450000;1;0;0;1;0;0;0;0;0;0;0;0;10.25;16.198141;0;113;1;1;
2800000;2;0;0;1;0;0;0;0;0;0;0;0;10.25;16.198136;0;113;1;1;
1900000;2;0;0;1;0;0;0;0;0;0;0;0;10.25;16.726308;0;89;1;1;
1550000;2;0;0;1;0;0;0;0;0;0;0;0;10.25;17.018374;0;81;1;1;
5350000;2;0;0;1;0;0;0;0;0;0;0;0;10.25;16.726302;0;93;1;1;
2000000;2;0;0;1;0;0;0;0;0;0;0;0;10.25;16.198139;0;117;1;1;
2250000;2;0;0;1;0;0;0;0;0;0;0;0;10.25;16.198138;0;117;1;1;
2550000;2;0;0;1;0;0;0;0;0;0;0;0;10.25;16.726302;0;89;1;1;
2870000;2;0;0;1;0;0;0;0;0;0;0;0;10.25;17.329793;0;69;1;1;
2920000;2;0;0;1;0;0;0;0;0;0;0;0;10.25;17.659076;0;57;1;1;
2850000;2;0;0;1;0;0;0;0;0;0;0;0;10.25;16.726308;0;93;1;1;
2710000;2;1;0;0;0;0;0;0;0;0;0;0;16;15.540232;0;68;1;1;
3320000;2;1;0;0;0;0;0;0;0;0;0;0;16;15.400365;0;44;1;1;
2900000;2;1;0;0;0;0;0;0;0;0;0;0;16;15.481999;0;56;1;1;
2700000;2;1;0;0;0;0;0;0;0;0;0;0;16;15.400365;0;44;1;1;
3100000;2;0;0;0;0;0;0;1;0;0;0;0;12;12;0;33;1;1;
2900000;2;0;0;1;0;0;0;0;0;0;0;0;10.25;16.726304;0;89;1;1;
3550000;2;0;0;1;0;0;0;0;0;0;0;0;10.25;16.726297;0;89;1;1;
5700000;4;0;0;1;0;0;0;0;0;0;0;0;10.25;16.726308;0;92;1;1;
3900000;2;0;0;1;0;0;0;0;0;0;0;0;10.25;16.726304;0;92;1;1;
4850000;3;0;0;1;0;0;0;0;0;0;0;0;10.25;18.332561;0;34;1;1;
1570000;1;0;0;1;0;0;0;0;0;0;0;0;10;18.157013;0;20;1;1;
2000000;2;0;0;1;0;0;0;0;0;0;0;0;10.25;16.198141;0;116;1;1;
2275000;2;1;0;0;0;0;0;0;0;0;0;0;16;16.613543;0;37;1;1;
1000000;2;0;0;1;0;0;0;0;0;0;0;0;10.25;18.000001;54;44;1;0;
1550000;2;0;0;1;0;0;0;0;0;0;0;0;10.25;16.198138;0;116;1;1;
2700000;2;1;0;0;0;0;0;0;0;0;0;0;16;16;0;47;1;1;
2900000;2;0;0;1;0;0;0;0;0;0;0;0;10.25;16.198133;0;119;1;1;
5000000;2;0;0;1;0;0;0;0;0;0;0;0;10.25;16.726302;0;95;1;1;
8000000;4;0;0;1;0;0;0;0;0;0;0;0;10.25;16.453235;0;107;1;1;
2450000;2;1;0;0;0;0;0;0;0;0;0;0;16;16.446926;0;61;1;1;
3450000;2;1;0;0;0;0;0;0;0;0;0;0;16;16.519131;0;49;1;1;
3700000;2;0;0;1;0;0;0;0;0;0;0;0;10.25;16.726308;0;95;1;1;
2900000;2;0;0;1;0;0;0;0;0;0;0;0;10.25;16.198133;0;119;1;1;
3250000;2;0;0;1;0;0;0;0;0;0;0;0;10.25;16.198138;0;119;1;1;
2450000;2;0;0;1;0;0;0;0;0;0;0;0;10.25;18.33256;0;32;1;1;
2550000;2;0;0;1;0;0;0;0;0;0;0;0;10.25;17.329791;0;68;1;1;
1850000;2;0;0;1;0;0;0;0;0;0;0;0;10.25;17.018376;0;83;1;1;
2200000;2;0;0;1;0;0;0;0;0;0;0;0;10.25;16.198141;0;119;1;1;
2850000;2;0;0;1;0;0;0;0;0;0;0;0;10.25;17.659081;0;59;1;1;
2920000;2;0;0;1;0;0;0;0;0;0;0;0;10.25;16.7263;0;92;1;1;
3700000;2;0;0;1;0;0;0;0;0;0;0;0;10.25;16.726308;0;92;1;1;
2750000;2;0;0;1;0;0;0;0;0;0;0;0;10.25;16.453229;0;107;1;1;
1250000;3;0;0;1;0;0;0;0;0;0;0;0;10.25;16.726302;124;95;1;0;
2900000;2;0;0;1;0;0;0;0;0;0;0;0;10.25;16.726304;0;95;1;1;
1450000;1;0;0;1;0;0;0;0;0;0;0;0;10.25;16.726308;0;89;1;1;
2000000;2;0;0;1;0;0;0;0;0;0;0;0;10.25;16.453235;0;107;1;1;
1750000;2;0;0;1;0;0;0;0;0;0;0;0;10.25;16.726308;0;95;1;1;
2900000;2;0;0;1;0;0;0;0;0;0;0;0;10.25;16.726304;0;95;1;1;
2880000;2;0;0;1;0;0;0;0;0;0;0;0;10.25;16.198141;0;119;1;1;
2500000;2;0;0;1;0;0;0;0;0;0;0;0;10.25;16.198138;0;119;1;1;
4000000;3;0;0;1;0;0;0;0;0;0;0;0;10.25;16.198141;0;119;1;1;
2250000;2;1;0;0;0;0;0;0;0;0;0;0;16;16.397597;0;85;1;1;
3670000;2;1;0;0;0;0;0;0;0;0;0;0;16;16.542606;0;49;1;1;
3350000;2;1;0;0;0;0;0;0;0;0;0;0;16;16.538522;0;49;1;1;
4250000;1;0;0;1;0;0;0;0;0;0;0;0;10.25;16.726302;0;95;1;1;
2650000;2;1;0;0;0;0;0;0;0;0;0;0;16;16;0;71;1;1;
2620000;2;0;0;1;0;0;0;0;0;0;0;0;10.25;17.329794;0;65;1;1;
2350000;2;0;0;1;0;0;0;0;0;0;0;0;10.25;18.000001;0;46;1;1;
1650000;2;0;0;1;0;0;0;0;0;0;0;0;10.25;16.198136;0;118;1;1;
1500000;2;0;0;1;0;0;0;0;0;0;0;0;10.25;16.726305;0;94;1;1;
3750000;2;0;0;1;0;0;0;0;0;0;0;0;10.25;18.587299;0;22;1;1;
2700000;2;1;0;0;0;0;0;0;0;0;0;0;16;16.538522;0;49;1;1;
2550000;2;1;0;0;0;0;0;0;0;0;0;0;16;16.349486;0;85;1;1;
3850000;2;0;0;1;0;0;0;0;0;0;0;0;10.25;16.726308;0;95;1;1;
1850000;2;1;0;0;0;0;0;0;0;0;0;0;16;16;0;83;1;1;
3500000;2;0;0;1;0;0;0;0;0;0;0;0;10.25;18.587299;0;23;1;1;
2350000;2;0;0;1;0;0;0;0;0;0;0;0;10.25;17.659081;0;59;1;1;
1500000;2;0;0;1;0;0;0;0;0;0;0;0;10.25;16.198136;0;119;1;1;
1500000;2;0;0;1;0;0;0;0;0;0;0;0;10.25;16.198136;0;119;1;1;
3100000;2;0;0;1;0;0;0;0;0;0;0;0;10.25;16.198134;0;119;1;1;
1950000;2;0;0;1;0;0;0;0;0;0;0;0;10.25;16.198137;0;119;1;1;
1750000;2;1;0;0;0;0;0;0;0;0;0;0;16;16;0;83;1;1;
2650000;2;0;0;1;0;0;0;0;0;0;0;0;10.25;17.018367;0;77;1;1;
2930000;2;0;0;1;0;0;0;0;0;0;0;0;10.25;17.659079;0;56;1;1;
1350000;1;0;0;1;0;0;0;0;0;0;0;0;10.25;16.198135;0;116;1;1;
2050000;2;0;0;1;0;0;0;0;0;0;0;0;10.25;16.198141;0;118;1;1;
3950000;2;0;0;1;0;0;0;0;0;0;0;0;10.25;16.726301;0;92;1;1;
2700000;2;0;0;1;0;0;0;0;0;0;0;0;10.25;16.198141;0;116;1;1;
3950000;2;0;0;1;0;0;0;0;0;0;0;0;10.25;17.329793;0;70;1;1;
2250000;2;0;1;0;0;0;0;0;0;0;0;0;12;12;0;31;1;1;
2800000;2;1;0;0;0;0;0;0;0;0;0;0;16;16;0;11;1;1;
3300000;2;0;0;1;0;0;0;0;0;0;0;0;10.25;16.198141;0;118;1;1;
2550000;2;0;0;1;0;0;0;0;0;0;0;0;10.25;17.659077;0;56;1;1;
1500000;1;0;0;1;0;0;0;0;0;0;0;0;10.25;16.726305;0;92;1;1;
2250000;2;0;0;1;0;0;0;0;0;0;0;0;10.25;16.198138;0;118;1;1;
2900000;2;0;0;1;0;0;0;0;0;0;0;0;10.25;17.018371;0;80;1;1;
3250000;2;0;0;1;0;0;0;0;0;0;0;0;10.25;17.659077;0;56;1;1;
4500000;2;1;0;0;0;0;0;0;0;0;0;0;16;16;0;83;1;1;
2900000;2;1;0;0;0;0;0;0;0;0;0;0;16;16;0;83;1;1;
1250000;2;0;0;1;0;0;0;0;0;0;0;0;10.25;16.198138;156;118;1;0;
1250000;2;0;0;1;0;0;0;0;0;0;0;0;10.25;17.018379;99;80;1;0;
3000000;2;1;0;0;0;0;0;0;0;0;0;0;16;16.353046;0;85;1;1;
3250000;2;0;0;1;0;0;0;0;0;0;0;0;10.25;16.726302;0;93;1;1;
1450000;1;0;0;1;0;0;0;0;0;0;0;0;10.25;16.726308;0;93;1;1;
2380000;2;1;0;0;0;0;0;0;0;0;0;0;16;15.583671;0;80;1;1;
4550000;2;1;0;0;0;0;0;0;0;0;0;0;16;15.583671;0;80;1;1;
3630000;2;1;0;0;0;0;0;0;0;0;0;0;16;15.583671;0;80;1;1;
2550000;2;0;0;1;0;0;0;0;0;0;0;0;10.25;16.198128;0;113;1;1;
2920000;2;0;0;1;0;0;0;0;0;0;0;0;10.25;16.7263;0;89;1;1;
930000;2;0;0;1;0;0;0;0;0;0;0;0;10.25;16.726304;115;89;1;0;
1450000;1;0;0;1;0;0;0;0;0;0;0;0;10.25;16.45324;0;101;1;1;
2000000;2;1;0;0;0;0;0;0;0;0;0;0;16;15.583671;0;80;1;1;
2790000;2;0;0;1;0;0;0;0;0;0;0;0;10.25;16.726308;0;89;1;1;
2860000;2;0;0;1;0;0;0;0;0;0;0;0;10.25;17.018371;0;77;1;1;
3750000;2;0;0;1;0;0;0;0;0;0;0;0;10.25;16.726303;0;89;1;1;
2940000;2;0;0;1;0;0;0;0;0;0;0;0;10.25;16.726308;0;89;1;1;
1000000;2;0;0;1;0;0;0;0;0;0;0;0;10.25;16.198141;143;117;1;0;
2250000;2;0;0;1;0;0;0;0;0;0;0;0;10.25;16.453237;0;105;1;1;
2850000;2;0;0;1;0;0;0;0;0;0;0;0;10.25;18.000001;0;45;1;1;
3550000;2;0;0;1;0;0;0;0;0;0;0;0;10.25;17.999993;0;45;1;1;
1900000;2;1;0;0;0;0;0;0;0;0;0;0;16;15.583671;0;80;1;1;
2900000;2;1;0;0;0;0;0;0;0;0;0;0;16;15.583671;0;80;1;1;
4350000;2;1;0;0;0;0;0;0;0;0;0;0;16;15.400365;0;44;1;1;
2900000;2;0;0;1;0;0;0;0;0;0;0;0;10.25;16.198133;0;117;1;1;
2800000;2;0;0;1;0;0;0;0;0;0;0;0;10.25;16.198136;0;117;1;1;
3300000;2;0;0;1;0;0;0;0;0;0;0;0;10.25;17.659081;0;53;1;1;
3550000;2;0;0;1;0;0;0;0;0;0;0;0;10.25;17.329791;0;65;1;1;
3250000;2;0;0;1;0;0;0;0;0;0;0;0;10.25;16.726302;0;93;1;1;
2440000;2;0;0;1;0;0;0;0;0;0;0;0;10.25;17.659081;0;57;1;1;
2250000;2;0;0;1;0;0;0;0;0;0;0;0;10.25;16.726305;0;93;1;1;
2350000;2;0;0;1;0;0;0;0;0;0;0;0;10.25;16.19812;0;117;1;1;
3550000;2;0;0;1;0;0;0;0;0;0;0;0;10.25;17.659077;0;53;1;1;
1500000;1;0;0;1;0;0;0;0;0;0;0;0;10.25;16.198136;0;116;1;1;
1700000;1;0;0;1;0;0;0;0;0;0;0;0;10.25;16.726304;0;92;1;1;
2700000;2;0;0;1;0;0;0;0;0;0;0;0;10.25;17.659081;0;56;1;1;
1250000;2;0;0;1;0;0;0;0;0;0;0;0;10.25;16.726302;93;92;1;0;
2200000;2;0;0;1;0;0;0;0;0;0;0;0;10.25;16.198141;0;119;1;1;
1300000;3;0;0;1;0;0;0;0;0;0;0;0;10.25;18.000001;53;47;1;0;
2550000;2;1;0;0;0;0;0;0;0;0;0;0;16;16.349486;0;85;1;1;
3750000;2;0;0;1;0;0;0;0;0;0;0;0;10.25;17.018374;0;80;1;1;
4800000;2;0;0;1;0;0;0;0;0;0;0;0;10.25;16.726299;0;92;1;1;
2550000;2;1;0;0;0;0;0;0;0;0;0;0;16;16;0;59;1;1;
2900000;2;0;0;1;0;0;0;0;0;0;0;0;10.25;17.329797;0;71;1;1;
4850000;3;0;0;1;0;0;0;0;0;0;0;0;10.25;17.329791;0;70;1;1;
2390000;2;0;0;1;0;0;0;0;0;0;0;0;10.25;16.198141;0;116;1;1;
2450000;2;1;0;0;0;0;0;0;0;0;0;0;16;16;0;34;1;1;
2700000;2;0;0;1;0;0;0;0;0;0;0;0;10.25;17.329793;0;68;1;1;
3700000;2;0;0;1;0;0;0;0;0;0;0;0;10.25;16.726308;0;95;1;1;
1900000;1;0;0;1;0;0;0;0;0;0;0;0;10.25;17.329795;0;71;1;1;
2660000;2;0;0;1;0;0;0;0;0;0;0;0;10.25;16.19813;0;118;1;1;
2890000;2;0;0;1;0;0;0;0;0;0;0;0;10.25;16.198137;0;118;1;1;
2800000;2;1;0;0;0;0;0;0;0;0;0;0;16;16;0;35;1;1;
1700000;2;0;0;1;0;0;0;0;0;0;0;0;10.25;16.726304;0;92;1;1;
3275000;2;1;0;0;0;0;0;0;0;0;0;0;16;17.136122;0;13;1;1;
2850000;2;0;0;1;0;0;0;0;0;0;0;0;10.25;17.018379;0;83;1;1;
3350000;2;0;0;1;0;0;0;0;0;0;0;0;10.25;18.332558;0;33;1;1;
2850000;2;0;0;1;0;0;0;0;0;0;0;0;10.25;17.329791;0;69;1;1;
2550000;2;0;0;1;0;0;0;0;0;0;0;0;10.25;17.659077;0;56;1;1;
1250000;2;0;0;1;0;0;0;0;0;0;0;0;10.25;17.018379;88;80;1;0;
1500000;2;0;0;1;0;0;0;0;0;0;0;0;10.25;17.65908;0;56;1;1;
1250000;2;1;0;0;0;0;0;0;0;0;0;0;16;16.397597;88;85;1;0;
1250000;2;1;0;0;0;0;0;0;0;0;0;0;16;16.577341;75;49;1;0;
1750000;2;0;0;1;0;0;0;0;0;0;0;0;10.25;16.198141;0;117;1;1;
1450000;3;0;0;1;0;0;0;0;0;0;0;0;10.25;16.198141;114;117;1;0;
550000;2;0;0;1;0;0;0;0;0;0;0;0;10.25;17.659077;87;57;1;0;
1680000;2;0;0;1;0;0;0;0;0;0;0;0;10.25;16.45324;0;105;1;1;
1250000;2;0;0;1;0;0;0;0;0;0;0;0;10.25;16.453232;110;103;1;0;
3000000;2;0;0;1;0;0;0;0;0;0;0;0;10.25;16.726308;0;91;1;1;
2640000;2;0;0;1;0;0;0;0;0;0;0;0;10.25;16.198141;0;116;1;1;
3870000;2;1;0;0;0;0;0;0;0;0;0;0;16;16.448877;0;61;1;1;
1290000;3;0;0;1;0;0;0;0;0;0;0;0;10.25;16.198135;133;116;1;0;
2350000;2;0;0;1;0;0;0;0;0;0;0;0;10.25;17.329781;0;68;1;1;
3000000;2;0;0;1;0;0;0;0;0;0;0;0;10.25;18.332559;0;33;1;1;
2800000;2;0;0;1;0;0;0;0;0;0;0;0;10.25;16.726303;0;92;1;1;
2785000;2;1;0;0;0;0;0;0;0;0;0;0;16;16.403077;0;73;1;1;
3250000;2;0;0;1;0;0;0;0;0;0;0;0;10.25;16.726302;0;93;1;1;
1600000;1;0;0;1;0;0;0;0;0;0;0;0;10.25;16.198141;0;116;1;1;
1550000;1;0;0;1;0;0;0;0;0;0;0;0;10.25;16.198138;0;117;1;1;
3850000;2;1;0;0;0;0;0;0;0;0;0;0;16;16.360168;0;85;1;1;
2850000;2;0;0;1;0;0;0;0;0;0;0;0;10.25;16.198141;0;117;1;1;
1650000;1;1;0;0;0;0;0;0;0;0;0;0;16;16.557926;0;49;1;1;
3225000;2;1;0;0;0;0;0;0;0;0;0;0;16;16.807606;0;24;1;1;
1750000;1;0;0;1;0;0;0;0;0;0;0;0;10.25;16.198141;0;115;1;1;
2610000;2;0;0;1;0;0;0;0;0;0;0;0;10.25;17.659081;0;56;1;1;
2450000;2;0;0;1;0;0;0;0;0;0;0;0;10.25;16.198141;0;116;1;1;
1950000;2;0;0;1;0;0;0;0;0;0;0;0;10.25;16.726302;0;92;1;1;
6000000;3;0;0;1;0;0;0;0;0;0;0;0;10.25;16.726308;0;92;1;1;
3250000;2;0;0;1;0;0;0;0;0;0;0;0;10.25;16.198138;0;115;1;1;
2700000;2;0;0;1;0;0;0;0;0;0;0;0;10.25;17.659081;0;56;1;1;
3750000;2;0;0;0;0;0;0;0;0;1;0;0;9.75;9.75;0;115;1;1;
3250000;2;0;0;1;0;0;0;0;0;0;0;0;10.25;16.198138;0;116;1;1;
1700000;2;1;0;0;0;0;0;0;0;0;0;0;16;16.384222;0;85;1;1;
3550000;2;0;0;1;0;0;0;0;0;0;0;0;10.25;17.659077;0;55;1;1;
4700000;2;0;0;1;0;0;0;0;0;0;0;0;10.25;17.018371;0;79;1;1;
3000000;2;0;0;1;0;0;0;0;0;0;0;0;10.25;16.198141;0;115;1;1;
2250000;2;0;0;1;0;0;0;0;0;0;0;0;10.25;16.198138;0;116;1;1;
6550000;2;0;0;1;0;0;0;0;0;0;0;0;10.25;17.999993;0;43;1;1;
1600000;1;0;0;1;0;0;0;0;0;0;0;0;10.25;16.198141;0;116;1;1;
550000;2;0;0;1;0;0;0;0;0;0;0;0;10.25;16.726302;99;92;1;0;
1750000;1;0;0;1;0;0;0;0;0;0;0;0;10.25;16.198141;0;115;1;1;
2800000;2;1;0;0;0;0;0;0;0;0;0;0;16;16.363221;0;85;1;1;
3400000;2;0;0;1;0;0;0;0;0;0;0;0;10.25;16.726299;0;91;1;1;
4550000;2;0;0;1;0;0;0;0;0;0;0;0;10.25;17.659077;0;55;1;1;
1250000;2;0;0;1;0;0;0;0;0;0;0;0;10.25;17.018379;142;83;1;0;
1250000;2;1;0;0;0;0;0;0;0;0;0;0;16;16.397597;90;85;1;0;
1500000;1;0;0;1;0;0;0;0;0;0;0;0;10.25;16.198136;0;116;1;1;
2970000;2;0;0;1;0;0;0;0;0;0;0;0;10.25;16.726308;0;92;1;1;
2650000;2;0;0;1;0;0;0;0;0;0;0;0;10.25;16.726297;0;92;1;1;
1250000;2;0;0;1;0;0;0;0;0;0;0;0;10.25;16.726302;112;91;1;0;
1750000;1;1;0;0;0;0;0;0;0;0;0;0;16;16.370855;0;85;1;1;
1550000;1;0;0;1;0;0;0;0;0;0;0;0;10.25;16.726303;0;92;1;1;
1880000;2;0;0;1;0;0;0;0;0;0;0;0;10;18.157011;0;19;1;1;
3900000;2;1;0;0;0;0;0;0;0;0;0;0;16;16.519131;0;49;1;1;
4250000;2;0;1;0;0;0;0;0;0;0;0;0;12;12;0;31;1;1;
1600000;2;0;0;1;0;0;0;0;0;0;0;0;10.25;16.198141;0;115;1;1;
1650000;2;0;0;1;0;0;0;0;0;0;0;0;10.25;16.726306;0;92;1;1;
1500000;1;0;0;1;0;0;0;0;0;0;0;0;10.25;17.329797;0;67;1;1;
900000;2;0;0;1;0;0;0;0;0;0;0;0;10.25;16.726304;120;92;1;0;
2340000;2;0;0;1;0;0;0;0;0;0;0;0;10.25;16.726302;0;95;1;1;
2350000;2;0;0;1;0;0;0;0;0;0;0;0;10.25;17.659081;0;55;1;1;
3830000;2;0;0;1;0;0;0;0;0;0;0;0;10.25;16.7263;0;93;1;1;
2900000;2;0;0;1;0;0;0;0;0;0;0;0;10.25;17.018371;0;81;1;1;
2500000;2;0;0;0;0;1;0;0;0;0;0;0;16;16.519131;0;166;1;1;
1750000;2;0;0;1;0;0;0;0;0;0;0;0;10.25;16.198141;0;115;1;1;
3250000;2;0;0;1;0;0;0;0;0;0;0;0;10.25;16.198138;0;115;1;1;
2800000;2;0;0;1;0;0;0;0;0;0;0;0;10.25;17.659075;0;57;1;1;
3950000;2;0;0;1;0;0;0;0;0;0;0;0;10.25;16.726301;0;91;1;1;
1980000;2;0;0;1;0;0;0;0;0;0;0;0;10.25;16.198137;0;117;1;1;
2450000;2;0;0;1;0;0;0;0;0;0;0;0;10.25;17.999995;0;45;1;1;
1350000;2;0;0;1;0;0;0;0;0;0;0;0;10.25;16.198135;77;117;1;0;
1250000;2;0;0;1;0;0;0;0;0;0;0;0;10.25;17.018379;30;79;1;0;
1250000;2;1;0;0;0;0;0;0;0;0;0;0;16;16.440006;90;75;1;0;
910000;2;0;0;1;0;0;0;0;0;0;0;0;10.25;16.198141;200;116;1;0;
450000;2;1;0;0;0;0;0;0;0;0;0;0;16;15.893912;78;27;1;0;
1090000;2;0;0;1;0;0;0;0;0;0;0;0;10.25;16.726308;50;92;1;0;
2225000;2;0;0;1;0;0;0;0;0;0;0;0;10.25;18.33255;0;31;1;1;
1700000;2;0;0;1;0;0;0;0;0;0;0;0;10.25;16.198139;0;115;1;1;
2700000;2;1;0;0;0;0;0;0;0;0;0;0;16;16.369979;0;88;1;1;
2900000;2;1;0;0;0;0;0;0;0;0;0;0;16;16.519131;0;52;1;1;
3550000;2;0;0;1;0;0;0;0;0;0;0;0;10.25;17.659077;0;55;1;1;
4000000;2;0;0;1;0;0;0;0;0;0;0;0;10.25;16.726305;0;91;1;1;
2550000;2;0;0;1;0;0;0;0;0;0;0;0;10.25;17.659077;0;55;1;1;
2350000;2;0;0;1;0;0;0;0;0;0;0;0;10.25;17.018374;0;79;1;1;
2900000;2;0;0;1;0;0;0;0;0;0;0;0;10.25;16.198133;0;117;1;1;
1600000;2;0;0;1;0;0;0;0;0;0;0;0;10.25;16.198141;0;117;1;1;
3900000;2;0;0;1;0;0;0;0;0;0;0;0;10.25;17.999996;0;45;1;1;
1650000;2;0;0;1;0;0;0;0;0;0;0;0;10.25;16.453239;0;105;1;1;
1000000;2;0;0;1;0;0;0;0;0;0;0;0;10.25;16.198141;130;117;1;0;
3700000;2;0;0;1;0;0;0;0;0;0;0;0;10.25;17.659081;0;57;1;1;
2250000;2;0;0;1;0;0;0;0;0;0;0;0;10.25;16.726302;0;93;1;1;
1950000;2;0;0;1;0;0;0;0;0;0;0;0;10.25;16.453236;0;105;1;1;
2650000;2;0;0;1;0;0;0;0;0;0;0;0;10.25;17.659079;0;57;1;1;
1850000;2;0;0;1;0;0;0;0;0;0;0;0;10.25;16.198139;0;117;1;1;
2850000;2;0;0;1;0;0;0;0;0;0;0;0;10.25;17.329791;0;69;1;1;
3430000;2;0;0;1;0;0;0;0;0;0;0;0;10.25;17.329792;0;69;1;1;
2850000;2;1;0;0;0;0;0;0;0;0;0;0;16;16.360168;0;86;1;1;
3430000;2;1;0;0;0;0;0;0;0;0;0;0;16;16.522192;0;51;1;1;
5500000;2;0;0;1;0;0;0;0;0;0;0;0;10.25;17.659081;0;57;1;1;
3250000;2;0;1;0;0;0;0;0;0;0;0;0;12;12;0;34;1;1;
4550000;2;0;0;1;0;0;0;0;0;0;0;0;10.25;17.999993;0;41;1;1;
2950000;2;0;0;1;0;0;0;0;0;0;0;0;10.25;16.198137;0;115;1;1;
3950000;2;1;0;0;0;0;0;0;0;0;0;0;16;16.44398;0;64;1;1;
3400000;2;1;0;0;0;0;0;0;0;0;0;0;16;17.180751;0;16;1;1;
3000000;2;1;0;0;0;0;0;0;0;0;0;0;16;16.353046;0;88;1;1;
2450000;2;1;0;0;0;0;0;0;0;0;0;0;16;16.627601;0;40;1;1;
2400000;2;1;0;0;0;0;0;0;0;0;0;0;16;16.387129;0;88;1;1;
1850000;2;0;0;1;0;0;0;0;0;0;0;0;10.25;17.659081;0;55;1;1;
3850000;2;0;0;1;0;0;0;0;0;0;0;0;10.25;16.198141;0;115;1;1;
2200000;2;0;0;1;0;0;0;0;0;0;0;0;10.25;16.198141;0;113;1;1;
2350000;2;0;0;1;0;0;0;0;0;0;0;0;10.25;18.332558;0;29;1;1;
1950000;2;0;0;1;0;0;0;0;0;0;0;0;10.25;16.726308;0;89;1;1;
1750000;2;1;0;0;0;0;0;0;0;0;0;0;16;16.370855;0;87;1;1;
2550000;2;1;0;0;0;0;0;0;0;0;0;0;16;17.136122;0;16;1;1;
1900000;2;1;0;0;0;0;0;0;0;0;0;0;16;15.945805;0;87;1;1;
2750000;2;0;0;1;0;0;0;0;0;0;0;0;10.25;17.018379;0;79;1;1;
2450000;2;0;0;1;0;0;0;0;0;0;0;0;10.25;16.726308;0;91;1;1;
3550000;2;1;0;0;0;0;0;0;0;0;0;0;16;16.507501;0;50;1;1;
2800000;2;1;0;0;0;0;0;0;0;0;0;0;16;16.363221;0;86;1;1;
2000000;2;0;0;1;0;0;0;0;0;0;0;0;10.25;16.726308;0;91;1;1;
3900000;2;1;0;0;0;0;0;0;0;0;0;0;16;16.446926;0;64;1;1;
2900000;2;1;0;0;0;0;0;0;0;0;0;0;16;16.357497;0;88;1;1;
1270000;2;1;0;0;0;0;0;0;0;0;0;0;16;16.495078;87;64;1;0;
2990000;2;0;0;1;0;0;0;0;0;0;0;0;11;18.132503;0;72;1;1;
3700000;2;0;0;1;0;0;0;0;0;0;0;0;11;18.150416;0;71;1;1;
800000;2;0;0;1;0;0;0;0;0;0;0;0;10.25;16.726299;94;89;1;0;
800000;2;0;0;1;0;0;0;0;0;0;0;0;10.25;17.659075;59;57;1;0;
750000;2;0;0;1;0;0;0;0;0;0;0;0;10.25;17.659078;65;53;1;0;
700000;2;0;0;1;0;0;0;0;0;0;0;0;10.25;17.659081;97;53;1;0;
1500000;1;0;0;1;0;0;0;0;0;0;0;0;10.25;16.198136;0;113;1;1;
550000;2;0;0;1;0;0;0;0;0;0;0;0;10.25;17.659077;89;55;1;0;
800000;2;0;0;1;0;0;0;0;0;0;0;0;10.25;16.726299;56;89;1;0;
1850000;2;0;0;1;0;0;0;0;0;0;0;0;10.25;16.726304;0;94;1;1;
1500000;1;1;0;0;0;0;0;0;0;0;0;0;16;16.381548;0;87;1;1;
850000;2;1;0;0;0;0;0;0;0;0;0;0;16;16.360168;98;88;1;0;
1050000;2;0;0;0;0;0;0;0;0;1;0;0;9.75;9.75;78;94;1;0;
1350000;2;0;0;1;0;0;0;0;0;0;0;0;10.25;17.999997;55;46;1;0;
520000;2;0;0;1;0;0;0;0;0;0;0;0;11;18.889483;66;48;1;0;
1750000;2;0;0;1;0;0;0;0;0;0;0;0;10.25;17.329796;0;67;1;1;
1850000;2;0;0;1;0;0;0;0;0;0;0;0;10.25;16.726304;0;89;1;1;
450000;2;0;0;1;0;0;0;0;0;0;0;0;10.25;17.65907;76;53;1;0;
550000;2;1;0;0;0;0;0;0;0;0;0;0;16;15.931726;75;75;1;0;
450000;2;0;0;1;0;0;0;0;0;0;0;0;10.25;17.329787;82;67;1;0;
700000;2;0;0;1;0;0;0;0;0;0;0;0;10.25;18.000001;45;43;1;0;
1750000;2;0;0;1;0;0;0;0;0;0;0;0;10.25;16.198141;0;115;1;1;
700000;2;0;0;1;0;0;0;0;0;0;0;0;10.25;18.332558;32;29;1;0;
950000;2;0;0;1;0;0;0;0;0;0;0;0;10.25;16.726301;92;89;1;0;
1450000;3;0;0;1;0;0;0;0;0;0;0;0;10.25;16.198141;114;113;1;0;
1750000;2;1;0;0;0;0;0;0;0;0;0;0;16;16.837769;0;27;1;1;
4000000;2;1;0;0;0;0;0;0;0;0;0;0;16;16.820531;0;28;1;1;
1750000;2;1;0;0;0;0;0;0;0;0;0;0;16;16.370855;0;88;1;1;
2500000;2;0;1;0;0;0;0;0;0;0;0;0;12;12;0;34;1;1;
1250000;2;1;0;0;0;0;0;0;0;0;0;0;16;16.397597;87;88;1;0;
700000;2;0;0;1;0;0;0;0;0;0;0;0;10.25;16.726308;99;89;1;0;
550000;2;0;0;1;0;0;0;0;0;0;0;0;10.25;17.329791;98;65;1;0;
450000;2;0;0;1;0;0;0;0;0;0;0;0;10.25;17.65907;78;58;1;0;
1380000;2;0;0;1;0;0;0;0;0;0;0;0;10.25;17.329795;76;67;1;0;
910000;2;0;0;1;0;0;0;0;0;0;0;0;10.25;16.198141;154;116;1;0;
1750000;2;0;0;1;0;0;0;0;0;0;0;0;10.25;16.198141;0;115;1;1;
1500000;1;1;0;0;0;0;0;0;0;0;0;0;16;16.381548;0;87;1;1;
1000000;2;1;0;0;0;0;0;0;0;0;0;0;16;16.353046;89;87;1;0;
2250000;2;0;0;1;0;0;0;0;0;0;0;0;10.25;18.33255;0;31;1;1;
2460000;2;0;0;1;0;0;0;0;0;0;0;0;10.25;16.198138;0;115;1;1;
3780000;2;0;0;1;0;0;0;0;0;0;0;0;10.25;17.329793;0;67;1;1;
1750000;2;0;0;1;0;0;0;0;0;0;0;0;10.25;16.453235;0;103;1;1;
1250000;2;0;0;1;0;0;0;0;0;0;0;0;10.25;16.198138;118;115;1;0;
1000000;2;0;0;1;0;0;0;0;0;0;0;0;10.25;17.018375;87;81;1;0;
850000;2;0;0;1;0;0;0;0;0;0;0;0;10.25;17.659081;78;57;1;0;
700000;2;0;0;1;0;0;0;0;0;0;0;0;10.25;17.659081;67;57;1;0;
1050000;2;0;0;1;0;0;0;0;0;0;0;0;10.25;16.726305;99;93;1;0;
1900000;2;0;0;1;0;0;0;0;0;0;0;0;10.25;16.198141;0;117;1;1;
700000;2;0;0;1;0;0;0;0;0;0;0;0;10.25;17.329793;97;67;1;0;
1350000;2;0;0;1;0;0;0;0;0;0;0;0;10.25;17.018374;78;79;1;0;
1950000;2;0;0;1;0;0;0;0;0;0;0;0;10.25;16.198137;0;115;1;1;
1250000;2;0;0;1;0;0;0;0;0;0;0;0;10.25;16.198138;181;113;1;0;
1900000;2;0;0;1;0;0;0;0;0;0;0;0;10.25;16.453236;0;101;1;1;
3700000;2;0;0;1;0;0;0;0;0;0;0;0;10.25;17.659081;0;53;1;1;
1550000;2;0;0;1;0;0;0;0;0;0;0;0;10.25;16.198138;0;115;1;1;
2800000;2;0;0;1;0;0;0;0;0;0;0;0;10.25;16.198136;0;113;1;1;
1750000;2;0;0;1;0;0;0;0;0;0;0;0;10.25;16.198141;0;113;1;1;
2250000;2;0;0;1;0;0;0;0;0;0;0;0;10.25;16.453237;0;103;1;1;
1500000;1;1;0;0;0;0;0;0;0;0;0;0;16;16.381548;0;87;1;1;
2350000;2;0;0;1;0;0;0;0;0;0;0;0;10.25;17.659081;0;53;1;1;
2100000;2;0;0;1;0;0;0;0;0;0;0;0;10.25;16.726306;0;93;1;1;
3000000;2;0;0;1;0;0;0;0;0;0;0;0;10.25;16.198141;0;117;1;1;
1750000;2;0;0;1;0;0;0;0;0;0;0;0;10.25;17.659081;0;57;1;1;
850000;2;0;0;1;0;0;0;0;0;0;0;0;10.25;16.726308;89;93;1;0;
400000;2;0;0;1;0;0;0;0;0;0;0;0;10.25;17.659075;68;55;1;0;
900000;2;0;0;1;0;0;0;0;0;0;0;0;10.25;16.198133;132;118;1;0;
1750000;2;0;0;1;0;0;0;0;0;0;0;0;10.25;18.000001;0;45;1;1;
2275000;2;0;0;1;0;0;0;0;0;0;0;0;10.25;17.999992;0;46;1;1;
1250000;2;0;0;1;0;0;0;0;0;0;0;0;10.25;16.726302;99;94;1;0;
800000;2;1;0;0;0;0;0;0;0;0;0;0;16;16.363221;88;87;1;0;
800000;2;1;0;0;0;0;0;0;0;0;0;0;16;16.363221;86;86;1;0;
1000000;2;0;0;1;0;0;0;0;0;0;0;0;10.25;16.726308;91;91;1;0;
1250000;2;0;0;1;0;0;0;0;0;0;0;0;10.25;16.198138;167;116;1;0;
1550000;2;0;0;1;0;0;0;0;0;0;0;0;10.25;16.198138;0;116;1;1;
2350000;2;0;0;1;0;0;0;0;0;0;0;0;10.25;18.332559;0;33;1;1;
2050000;2;0;0;1;0;0;0;0;0;0;0;0;10.25;16.198141;0;117;1;1;
800000;2;0;0;1;0;0;0;0;0;0;0;0;10.25;16.198136;165;117;1;0;
900000;2;1;0;0;0;0;0;0;0;0;0;0;16;16.519131;80;51;1;0;
625000;2;1;0;0;0;0;0;0;0;0;0;0;16;16.549609;56;52;1;0;
800000;2;0;0;1;0;0;0;0;0;0;0;0;11;18.142561;77;71;1;0;
730000;2;0;0;1;0;0;0;0;0;0;0;0;11;18.511068;66;60;1;0;
1950000;2;0;0;1;0;0;0;0;0;0;0;0;10.25;16.726306;0;91;1;1;
2940000;2;0;0;1;0;0;0;0;0;0;0;0;10.25;16.726308;0;93;1;1;
1250000;2;0;0;1;0;0;0;0;0;0;0;0;10.25;17.329791;164;69;1;0;
800000;2;1;0;0;0;0;0;0;0;0;0;0;16;16.52744;95;52;1;0;
820000;2;0;0;1;0;0;0;0;0;0;0;0;11;18.503819;99;60;1;0;
800000;2;0;0;1;0;0;0;0;0;0;0;0;10.25;17.659075;136;57;1;0;
1250000;2;0;0;1;0;0;0;0;0;0;0;0;10.25;16.198138;65;117;1;0;
1250000;2;0;0;1;0;0;0;0;0;0;0;0;10.25;17.329791;132;69;1;0;
850000;2;0;0;1;0;0;0;0;0;0;0;0;10.25;16.726308;220;93;1;0;
550000;2;0;0;1;0;0;0;0;0;0;0;0;10.25;16.726302;89;93;1;0;
1250000;2;1;0;0;0;0;0;0;0;0;0;0;16;16.397597;76;87;1;0;
1650000;2;0;0;1;0;0;0;0;0;0;0;0;10.25;16.198136;0;115;1;1;
4000000;2;0;0;1;0;0;0;0;0;0;0;0;10.25;17.659081;0;55;1;1;
2900000;2;0;0;1;0;0;0;0;0;0;0;0;10.25;16.726304;0;91;1;1;
2000000;2;0;0;1;0;0;0;0;0;0;0;0;10.25;16.198139;0;115;1;1;
1550000;1;0;0;1;0;0;0;0;0;0;0;0;10.25;16.198138;0;113;1;1;
500000;2;0;0;1;0;0;0;0;0;0;0;0;10.25;17.659081;87;57;1;0;
900000;2;0;0;1;0;0;0;0;0;0;0;0;10.25;16.726304;67;91;1;0;
660000;2;0;0;1;0;0;0;0;0;0;0;0;10.25;16.19813;44;115;1;0;
750000;2;0;0;1;0;0;0;0;0;0;0;0;10.25;17.659078;99;55;1;0;
480000;2;0;0;1;0;0;0;0;0;0;0;0;10.25;18.182661;99;59;1;0;
1500000;2;0;0;1;0;0;0;0;0;0;0;0;10.25;16.806383;112;107;1;0;
1950000;2;0;0;1;0;0;0;0;0;0;0;0;10.25;17.095143;0;95;1;1;
2700000;2;0;0;1;0;0;0;0;0;0;0;0;10.25;17.018371;0;81;1;1;
1950000;2;0;0;1;0;0;0;0;0;0;0;0;10.25;16.726305;0;93;1;1;
2350000;2;0;0;1;0;0;0;0;0;0;0;0;10.25;16.726305;0;93;1;1;
1750000;2;0;0;1;0;0;0;0;0;0;0;0;10.25;16.198141;0;117;1;1;
3450000;2;0;0;1;0;0;0;0;0;0;0;0;10.25;16.726308;0;93;1;1;
2250000;2;0;0;1;0;0;0;0;0;0;0;0;10.25;16.726302;0;93;1;1;
2850000;2;0;0;1;0;0;0;0;0;0;0;0;10.25;18.000001;0;43;1;1;
1750000;2;0;0;1;0;0;0;0;0;0;0;0;10.25;16.198141;0;115;1;1;
4100000;2;0;1;0;0;0;0;0;0;0;0;0;12;12;0;34;1;1;
2150000;2;0;1;0;0;0;0;0;0;0;0;0;12;12.139279;0;13;1;1;
3100000;2;0;0;0;0;0;0;1;0;0;0;0;12;12.154779;0;16;1;1;
4100000;2;0;0;0;0;0;0;1;0;0;0;0;12;12.154779;0;16;1;1;
5100000;2;0;0;0;0;0;0;1;0;0;0;0;12;12;0;21;0;1;
3250000;2;0;0;0;0;0;0;1;0;0;0;0;12;12.06959;0;14;0;1;
2300000;2;0;0;0;0;0;0;1;0;0;0;0;12;12.232351;0;15;1;1;
1500000;1;0;1;0;0;0;0;0;0;0;0;0;12;12;0;21;1;1;
1900000;2;0;0;0;0;0;0;1;0;0;0;0;12;12.232351;0;15;1;1;
4550000;2;0;0;0;0;0;0;1;0;0;0;0;12;12.17416;0;15;1;1;
2500000;2;0;0;0;0;0;0;0;0;1;0;0;9.75;13.882185;0;40;1;1;
3250000;2;0;0;0;0;0;0;1;0;0;0;0;12;12.057985;0;15;0;1;
2100000;2;0;0;0;0;0;0;1;0;0;0;0;12;12.232351;0;15;0;1;
3100000;2;0;1;0;0;0;0;0;0;0;0;0;12;12;0;28;1;1;
4100000;2;0;0;0;0;0;0;1;0;0;0;0;12;12;0;18;1;1;
2150000;2;0;0;0;0;0;0;1;0;0;0;0;12;12;0;17;0;1;
2900000;2;0;0;1;0;0;0;0;0;0;0;0;10;16.37507;0;80;1;1;
5150000;2;1;0;0;0;0;0;0;0;0;0;0;16;16;0;45;1;1;
2250000;2;1;0;0;0;0;0;0;0;0;0;0;16;16;0;80;1;1;
2000000;2;0;0;1;0;0;0;0;0;0;0;0;10.25;16.726304;0;91;1;1;
1500000;1;1;0;0;0;0;0;0;0;0;0;0;16;15.583671;0;80;1;1;
2770000;2;1;0;0;0;0;0;0;0;0;0;0;16;16;0;81;1;1;
1290000;2;1;0;0;0;0;0;0;0;0;0;0;16;15.583671;87;81;1;0;
800000;2;1;0;0;0;0;0;0;0;0;0;0;16;15.583671;67;81;1;0;
450000;2;0;0;1;0;0;0;0;0;0;0;0;10.25;17.65907;13;56;1;0;
700000;2;0;0;1;0;0;0;0;0;0;0;0;10.25;17.659081;87;56;1;0;
1250000;2;0;0;1;0;0;0;0;0;0;0;0;10.25;16.726302;99;92;1;0;
900000;2;0;0;1;0;0;0;0;0;0;0;0;10.25;17.329797;88;68;1;0;
1050000;2;0;0;1;0;0;0;0;0;0;0;0;10.25;16.726305;99;92;1;0;
2450000;2;0;0;1;0;0;0;0;0;0;0;0;10.25;16.726308;0;92;1;1;
2250000;2;0;0;1;0;0;0;0;0;0;0;0;10.25;16.198138;0;116;1;1;
3550000;2;0;0;1;0;0;0;0;0;0;0;0;10.25;17.329791;0;68;1;1;
2250000;2;0;0;1;0;0;0;0;0;0;0;0;10.25;16.198138;0;116;1;1;
3900000;2;0;0;1;0;0;0;0;0;0;0;0;10;16.37507;0;78;1;1;
1990000;2;0;0;1;0;0;0;0;0;0;0;0;10;16.95714;0;54;1;1;
2950000;2;0;0;1;0;0;0;0;0;0;0;0;10;16.37507;0;77;1;1;
2700000;2;0;0;1;0;0;0;0;0;0;0;0;10;16.37507;0;77;1;1;
2800000;2;0;0;1;0;0;0;0;0;0;0;0;10;16.37507;0;76;1;1;
1950000;2;0;0;1;0;0;0;0;0;0;0;0;10;16.37507;0;76;1;1;
3900000;2;0;0;1;0;0;0;0;0;0;0;0;10;17.917676;0;17;1;1;
2900000;2;1;0;0;0;0;0;0;0;0;0;0;16;16.395633;0;74;1;1;
3450000;2;0;0;1;0;0;0;0;0;0;0;0;10.25;17.329787;0;70;1;1;
2450000;2;0;0;1;0;0;0;0;0;0;0;0;10.25;16.198141;0;118;1;1;
3500000;2;0;0;1;0;0;0;0;0;0;0;0;10;17.600521;0;29;1;1;
2450000;2;0;0;1;0;0;0;0;0;0;0;0;10;17.273737;0;41;1;1;
2100000;2;0;1;0;0;0;0;0;0;0;0;0;12;12;0;16;1;1;
2800000;2;1;0;0;0;0;0;0;0;0;0;0;16;16.363221;0;85;1;1;
3150000;2;0;1;0;0;0;0;0;0;0;0;0;12;12;0;34;1;1;
1000000;2;1;0;0;0;0;0;0;0;0;0;0;16;16.512669;0;52;1;1;
4500000;3;1;0;0;0;0;0;0;0;0;0;0;16;16.807606;0;28;1;1;
5500000;2;1;0;0;0;0;0;0;0;0;0;0;16;16.349486;0;88;1;1;
2750000;2;0;0;1;0;0;0;0;0;0;0;0;10;17.273737;0;41;1;1;
2250000;2;0;0;1;0;0;0;0;0;0;0;0;10;16.37507;0;77;1;1;
2450000;2;0;0;1;0;0;0;0;0;0;0;0;10;17.600521;0;29;1;1;
2900000;2;1;0;0;0;0;0;0;0;0;0;0;16;16;0;68;1;1;
2750000;2;0;0;1;0;0;0;0;0;0;0;0;10.25;17.659063;0;53;1;1;
450000;2;1;0;0;0;0;0;0;0;0;0;0;16;16.384222;164;87;1;0;
550000;2;1;0;0;0;0;0;0;0;0;0;0;16;16.436913;95;63;1;0;
900000;2;1;0;0;0;0;0;0;0;0;0;0;16;16.627601;99;39;1;0;
660000;2;1;0;0;0;0;0;0;0;0;0;0;16;16.544065;136;51;1;0;
900000;2;1;0;0;0;0;0;0;0;0;0;0;16;16.446926;65;63;1;0;
450000;2;1;0;0;0;0;0;0;0;0;0;0;16;16.357497;132;87;1;0;
550000;2;1;0;0;0;0;0;0;0;0;0;0;16;16.349486;220;87;1;0;
900000;2;0;0;1;0;0;0;0;0;0;0;0;10;16.37507;89;80;1;0;
350000;2;0;0;0;0;0;0;0;0;1;0;0;9.75;9.75;76;53;1;0;
900000;2;1;0;0;0;0;0;0;0;0;0;0;16;16;87;80;1;0;
1500000;1;0;0;1;0;0;0;0;0;0;0;0;10.25;16.198136;0;113;1;1;
2250000;2;1;0;0;0;0;0;0;0;0;0;0;16;16;0;81;1;1;
2550000;2;1;0;0;0;0;0;0;0;0;0;0;16;16;0;45;1;1;
2660000;2;0;0;1;0;0;0;0;0;0;0;0;10.25;17.999994;0;41;1;1;
1250000;2;0;0;1;0;0;0;0;0;0;0;0;10.25;16.198138;117;115;1;0;
450000;2;1;0;0;0;0;0;0;0;0;0;0;16;16;40;20;1;0;
850000;2;0;0;1;0;0;0;0;0;0;0;0;10.25;17.659081;56;55;1;0;
1750000;2;0;0;1;0;0;0;0;0;0;0;0;10.25;16.198141;0;115;1;1;
700000;2;0;0;1;0;0;0;0;0;0;0;0;10.25;17.659081;87;55;1;0;
400000;2;0;0;0;0;0;0;0;0;1;0;0;9.75;9.75;67;43;1;0;
445000;2;1;0;0;0;0;0;0;0;0;0;0;16;14.695217;13;8;1;0;
1250000;2;1;0;0;0;0;0;0;0;0;0;0;16;15.583671;87;79;1;0;
1250000;2;1;0;0;0;0;0;0;0;0;0;0;16;15.583671;99;79;1;0;
1250000;2;1;0;0;0;0;0;0;0;0;0;0;16;15.583671;88;80;1;0;
1750000;2;0;0;1;0;0;0;0;0;0;0;0;10;17.600521;0;32;1;1;
2700000;2;1;0;0;0;0;0;0;0;0;0;0;16;16;0;81;1;1;
1500000;1;0;0;0;0;0;0;0;0;0;0;1;14;14.236766;0;19;1;1;
5500000;2;1;0;0;0;0;0;0;0;0;0;0;16;15.583671;0;80;1;1;
3300000;2;1;0;0;0;0;0;0;0;0;0;0;16;15.583671;0;80;1;1;
1600000;2;1;0;0;0;0;0;0;0;0;0;0;16;16.376795;0;88;1;1;
1750000;2;0;0;1;0;0;0;0;0;0;0;0;10.25;18.587299;0;17;1;1;
2550000;2;0;0;1;0;0;0;0;0;0;0;0;10.25;17.659077;0;53;1;1;
1850000;2;1;0;0;0;0;0;0;0;0;0;0;16;15.583671;0;81;1;1;
3250000;2;0;0;1;0;0;0;0;0;0;0;0;10.25;16.198138;0;116;1;1;
2250000;2;0;0;1;0;0;0;0;0;0;0;0;10.25;17.65907;0;56;1;1;
2400000;2;0;0;1;0;0;0;0;0;0;0;0;10.25;16.198138;0;116;1;1;
1500000;1;0;1;0;0;0;0;0;0;0;0;0;12;12;0;20;1;1;
3700000;2;0;0;1;0;0;0;0;0;0;0;0;10;16.95714;0;56;1;1;
1250000;2;1;0;0;0;0;0;0;0;0;0;0;16;16;0;81;1;1;
2250000;2;1;0;0;0;0;0;0;0;0;0;0;16;16;0;21;1;1;
2250000;2;1;0;0;0;0;0;0;0;0;0;0;16;16;0;44;1;1;
3550000;2;1;0;0;0;0;0;0;0;0;0;0;16;16;0;81;1;1;
1950000;2;1;0;0;0;0;0;0;0;0;0;0;16;16;0;80;1;1;
1770000;2;1;0;0;0;0;0;0;0;0;0;0;16;16;0;81;1;1;
2500000;2;0;0;0;0;0;1;0;0;0;0;0;12;12.681501;0;30;1;1;
2700000;2;0;0;1;0;0;0;0;0;0;0;0;10;17.273737;0;44;1;1;
2740000;2;0;0;1;0;0;0;0;0;0;0;0;10;17.600521;0;30;1;1;
1250000;2;1;0;0;0;0;0;0;0;0;0;0;16;16.397597;90;88;1;0;
2250000;2;0;0;1;0;0;0;0;0;0;0;0;10.25;16.198138;0;113;1;1;
2830000;2;0;0;1;0;0;0;0;0;0;0;0;10.25;16.7263;0;89;1;1;
1250000;2;1;0;0;0;0;0;0;0;0;0;0;16;16.397597;110;87;1;0;
700000;2;1;0;0;0;0;0;0;0;0;0;0;16;16.538522;55;51;1;0;
770000;2;0;0;1;0;0;0;0;0;0;0;0;10;16.37507;99;80;1;0;
1750000;2;0;0;1;0;0;0;0;0;0;0;0;10;16.37507;0;80;1;1;
2100000;2;0;0;0;0;0;0;1;0;0;0;0;12;12;0;20;1;1;
1500000;2;1;0;0;0;0;0;0;0;0;0;0;16;16;0;81;1;1;
3100000;2;0;1;0;0;0;0;0;0;0;0;0;12;12;0;32;1;1;
2450000;2;1;0;0;0;0;0;0;0;0;0;0;16;16;0;45;1;1;
3800000;2;1;0;0;0;0;0;0;0;0;0;0;16;16;0;80;1;1;
1300000;2;1;0;0;0;0;0;0;0;0;0;0;16;16;88;81;1;0;
2500000;2;1;0;0;0;0;0;0;0;0;0;0;16;16;0;57;1;1;
3550000;2;0;0;1;0;0;0;0;0;0;0;0;10.25;16.726302;0;91;1;1;
2000000;2;0;0;1;0;0;0;0;0;0;0;0;10.75;17.423162;0;96;1;1;
2550000;2;0;0;1;0;0;0;0;0;0;0;0;10.25;16.726302;0;89;1;1;
3900000;2;0;0;1;0;0;0;0;0;0;0;0;10.25;16.198133;0;116;1;1;
1750000;2;1;0;0;0;0;0;0;0;0;0;0;16;15.079056;0;20;1;1;
2770000;2;1;0;0;0;0;0;0;0;0;0;0;16;15.278611;0;32;1;1;
2500000;2;1;0;0;0;0;0;0;0;0;0;0;16;15.400365;0;45;1;1;
1370000;2;1;0;0;0;0;0;0;0;0;0;0;16;16;98;81;1;0;
1500000;1;0;0;0;0;0;0;1;0;0;0;0;12;12;0;18;1;1;
2550000;2;0;0;1;0;0;0;0;0;0;0;0;10.25;16.726302;0;89;1;1;
3700000;3;1;0;0;0;0;0;0;0;0;0;0;16;16.538522;0;51;1;1;
2700000;2;1;0;0;0;0;0;0;0;0;0;0;16;16.463622;0;63;1;1;
4100000;3;0;1;0;0;0;0;0;0;0;0;0;12;12.17416;0;26;1;1;
6100000;4;0;0;0;0;0;0;1;0;0;0;0;12;12;0;19;0;1;
6750000;3;0;0;0;0;0;0;0;0;1;0;0;9.75;9.75;0;55;1;1;
2750000;2;0;0;1;0;0;0;0;0;0;0;0;10;17.273737;0;42;1;1;
1000000;2;0;0;1;0;0;0;0;0;0;0;0;10;16.37507;88;78;1;0;
2960000;2;1;0;0;0;0;0;0;0;0;0;0;16;16.354702;0;87;1;1;
2450000;2;1;0;0;0;0;0;0;0;0;0;0;16;16;0;45;1;1;
2700000;2;1;0;0;0;0;0;0;0;0;0;0;16;16;0;81;1;1;
3100000;2;0;0;0;0;0;0;1;0;0;0;0;12;12;0;18;1;1;
2100000;2;0;0;0;0;0;0;1;0;0;0;0;12;12;0;18;1;1;
2740000;2;0;0;1;0;0;0;0;0;0;0;0;10;16.37507;0;80;1;1;
3150000;2;0;0;0;0;0;0;1;0;0;0;0;12;12;0;19;1;1;
3900000;2;0;0;1;0;0;0;0;0;0;0;0;11;18.136671;0;76;1;1;
3150000;2;1;0;0;0;0;0;0;0;0;0;0;16;15.583671;0;80;1;1;
1700000;2;0;0;1;0;0;0;0;0;0;0;0;10.25;16.198139;0;116;1;1;
2250000;2;1;0;0;0;0;0;0;0;0;0;0;16;15.583671;0;81;1;1;
2000000;2;0;0;1;0;0;0;0;0;0;0;0;10.75;17.423162;0;96;1;1;
3000000;2;0;0;1;0;0;0;0;0;0;0;0;10.25;16.726308;0;89;1;1;
1750000;2;0;0;1;0;0;0;0;0;0;0;0;10.25;16.198141;0;113;1;1;
3350000;2;0;0;1;0;0;0;0;0;0;0;0;10.25;16.198138;0;116;1;1;
1550000;2;0;0;1;0;0;0;0;0;0;0;0;10.25;16.726303;0;92;1;1;
2870000;2;1;0;0;0;0;0;0;0;0;0;0;16;15.583671;0;81;1;1;
2550000;2;1;0;0;0;0;0;0;0;0;0;0;16;15.278611;0;33;1;1;
2800000;2;1;0;0;0;0;0;0;0;0;0;0;16;16;0;79;1;1;
2500000;2;1;0;0;0;0;0;0;0;0;0;0;16;16;0;80;1;1;
3500000;2;1;0;0;0;0;0;0;0;0;0;0;16;16;0;21;1;1;
1000000;2;1;0;0;0;0;0;0;0;0;0;0;16;16;55;45;1;0;
2500000;2;1;0;0;0;0;0;0;0;0;0;0;16;16;0;81;1;1;
3250000;2;1;0;0;0;0;0;0;0;0;0;0;16;16;0;81;1;1;
2900000;2;1;0;0;0;0;0;0;0;0;0;0;16;16;0;83;1;1;
4500000;2;1;0;0;0;0;0;0;0;0;0;0;16;16.357497;0;88;1;1;
2000000;2;0;0;1;0;0;0;0;0;0;0;0;10.25;17.659079;0;56;1;1;
2700000;2;0;0;1;0;0;0;0;0;0;0;0;10.25;16.726308;0;92;1;1;
2450000;2;1;0;0;0;0;0;0;0;0;0;0;16;16;0;21;1;1;
2100000;2;0;1;0;0;0;0;0;0;0;0;0;12;12.17416;0;26;1;1;
3100000;2;0;1;0;0;0;0;0;0;0;0;0;12;12;0;28;1;1;
2970000;2;1;0;0;0;0;0;0;0;0;0;0;16;15.583671;0;80;1;1;
1500000;1;1;0;0;0;0;0;0;0;0;0;0;16;16.381548;0;88;1;1;
3750000;2;0;0;1;0;0;0;0;0;0;0;0;10;16.37507;0;80;1;1;
3250000;2;0;0;1;0;0;0;0;0;0;0;0;10;16.657043;0;68;1;1;
2000000;2;1;0;0;0;0;0;0;0;0;0;0;16;16;0;80;1;1;
2750000;2;1;0;0;0;0;0;0;0;0;0;0;16;16;0;45;1;1;
5000000;3;1;0;0;0;0;0;0;0;0;0;0;16;16.512669;0;52;1;1;
1750000;2;0;0;1;0;0;0;0;0;0;0;0;10.25;16.198141;0;113;1;1;
2250000;4;0;0;1;0;0;0;0;0;0;0;0;11;20.394308;37;16;1;0;
1900000;2;0;0;1;0;0;0;0;0;0;0;0;10.25;16.198133;0;116;1;1;
2450000;2;0;0;1;0;0;0;0;0;0;0;0;10.25;16.198141;0;116;1;1;
2250000;1;0;0;1;0;0;0;0;0;0;0;0;10.25;18.587293;0;20;1;1;
2700000;2;1;0;0;0;0;0;0;0;0;0;0;16;16;0;83;1;1;
1950000;2;1;0;0;0;0;0;0;0;0;0;0;16;16;0;80;1;1;
5500000;2;1;0;0;0;0;0;0;0;0;0;0;16;16;0;57;1;1;
3000000;2;0;0;1;0;0;0;0;0;0;0;0;10;16.37507;0;80;1;1;
1750000;2;1;0;0;0;0;0;0;0;0;0;0;16;15.583671;0;82;1;1;
2900000;2;1;0;0;0;0;0;0;0;0;0;0;16;15.583671;0;82;1;1;
3900000;2;1;0;0;0;0;0;0;0;0;0;0;16;15.583671;0;82;1;1;
3100000;2;0;1;0;0;0;0;0;0;0;0;0;12;12;0;21;1;1;
2850000;2;1;0;0;0;0;0;0;0;0;0;0;16;16;0;81;1;1;
1250000;2;1;0;0;0;0;0;0;0;0;0;0;16;16;0;59;1;1;
1930000;2;1;0;0;0;0;0;0;0;0;0;0;16;16;0;47;1;1;
1900000;4;0;0;1;0;0;0;0;0;0;0;0;10;16.37507;78;80;1;0;
1700000;1;1;0;0;0;0;0;0;0;0;0;0;16;16;0;47;1;1;
3550000;2;1;0;0;0;0;0;0;0;0;0;0;16;16;0;46;1;1;
4350000;3;1;0;0;0;0;0;0;0;0;0;0;16;16;0;45;1;1;
1250000;2;1;0;0;0;0;0;0;0;0;0;0;16;16;113;81;1;0;
2550000;2;1;0;0;0;0;0;0;0;0;0;0;16;16;0;45;1;1;
7550000;4;1;0;0;0;0;0;0;0;0;0;0;16;16;0;81;1;1;
3500000;2;1;0;0;0;0;0;0;0;0;0;0;16;16;0;44;1;1;
2700000;2;1;0;0;0;0;0;0;0;0;0;0;16;16;0;80;1;1;
3700000;2;1;0;0;0;0;0;0;0;0;0;0;16;16;0;80;1;1;
2110000;2;0;0;1;0;0;0;0;0;0;0;0;10;18.157013;0;19;1;1;
4950000;2;1;0;0;0;0;0;0;0;0;0;0;16;16;0;9;1;1;
3500000;2;1;0;0;0;0;0;0;0;0;0;0;16;16;0;33;1;1;
1900000;2;0;0;1;0;0;0;0;0;0;0;0;10;17.917676;0;20;1;1;
2800000;2;0;0;1;0;0;0;0;0;0;0;0;10;16.37507;0;80;1;1;
5500000;2;0;0;1;0;0;0;0;0;0;0;0;10.25;16.726302;0;91;1;1;
2450000;2;1;0;0;0;0;0;0;0;0;0;0;16;16;0;45;1;1;
2780000;2;1;0;0;0;0;0;0;0;0;0;0;16;16;0;45;1;1;
4100000;2;1;0;0;0;0;0;0;0;0;0;0;16;16;0;45;1;1;
2100000;2;1;0;0;0;0;0;0;0;0;0;0;16;16;0;82;1;1;
2890000;2;1;0;0;0;0;0;0;0;0;0;0;16;16;0;81;1;1;
1820000;2;1;0;0;0;0;0;0;0;0;0;0;16;16;0;81;1;1;
2050000;2;0;0;1;0;0;0;0;0;0;0;0;10;18.157013;0;19;1;1;
2900000;2;1;0;0;0;0;0;0;0;0;0;0;16;16;0;68;1;1;
3550000;2;1;0;0;0;0;0;0;0;0;0;0;16;16;0;81;1;1;
1750000;2;1;0;0;0;0;0;0;0;0;0;0;16;16;0;23;1;1;
3700000;2;0;0;1;0;0;0;0;0;0;0;0;10.25;18.332558;0;31;1;1;
2100000;2;0;1;0;0;0;0;0;0;0;0;0;12;12;0;10;1;1;
3100000;2;0;1;0;0;0;0;0;0;0;0;0;12;12;0;23;1;1;
1300000;2;0;0;1;0;0;0;0;0;0;0;0;10;17.273737;56;44;1;0;
2700000;2;0;0;1;0;0;0;0;0;0;0;0;10;17.600521;0;32;1;1;
6750000;3;1;0;0;0;0;0;0;0;0;0;0;16;16;0;45;1;1;
4000000;2;1;0;0;0;0;0;0;0;0;0;0;16;16;0;81;1;1;
3500000;2;1;0;0;0;0;0;0;0;0;0;0;16;16;0;19;1;1;
2750000;2;1;0;0;0;0;0;0;0;0;0;0;16;16;0;80;1;1;
3850000;2;1;0;0;0;0;0;0;0;0;0;0;16;16;0;81;1;1;
2500000;2;0;0;0;0;0;0;0;1;0;0;0;18;18;0;8;1;1;
895000;2;1;0;0;0;0;0;0;0;0;0;0;16;16;86;81;1;0;
1000000;2;0;0;1;0;0;0;0;0;0;0;0;10;16.37507;98;79;1;0;
1050000;2;0;0;1;0;0;0;0;0;0;0;0;10;16.957139;76;56;1;0;
2780000;2;0;0;1;0;0;0;0;0;0;0;0;10;16.37507;0;80;1;1;
1950000;2;1;0;0;0;0;0;0;0;0;0;0;16;16;0;10;1;1;
2730000;2;1;0;0;0;0;0;0;0;0;0;0;16;16;0;34;1;1;
1850000;2;0;0;1;0;0;0;0;0;0;0;0;10.25;16.198139;0;115;1;1;
2850000;2;1;0;0;0;0;0;0;0;0;0;0;16;16;0;24;1;1;
1750000;2;1;0;0;0;0;0;0;0;0;0;0;16;16;0;84;1;1;
2550000;2;0;0;1;0;0;0;0;0;0;0;0;10;17.917676;0;20;1;1;
1750000;2;1;0;0;0;0;0;0;0;0;0;0;16;16;0;81;1;1;
1950000;2;0;0;1;0;0;0;0;0;0;0;0;10.25;17.128556;0;95;1;1;
3250000;2;0;0;0;1;0;0;0;0;0;0;0;14;14.484407;0;12;1;1;
1750000;2;0;0;1;0;0;0;0;0;0;0;0;10.25;16.515861;0;119;1;1;
4800000;2;0;0;1;0;0;0;0;0;0;0;0;10;16.957139;0;56;1;1;
2850000;2;0;0;1;0;0;0;0;0;0;0;0;10;16.657043;0;68;1;1;
1900000;2;0;0;1;0;0;0;0;0;0;0;0;10;16.37507;0;80;1;1;
2250000;2;1;0;0;0;0;0;0;0;0;0;0;16;16;0;45;1;1;
3650000;2;0;0;1;0;0;0;0;0;0;0;0;10.25;18.670092;0;47;1;1;
2900000;2;0;0;1;0;0;0;0;0;0;0;0;10;16.37507;0;80;1;1;
2750000;2;0;0;1;0;0;0;0;0;0;0;0;10;17.273737;0;44;1;1;
2700000;2;0;0;1;0;0;0;0;0;0;0;0;10.25;17.101506;0;95;1;1;
3900000;2;0;0;1;0;0;0;0;0;0;0;0;10;16.37507;0;80;1;1;
2750000;2;1;0;0;0;0;0;0;0;0;0;0;16;16;0;46;1;1;
2450000;2;1;0;0;0;0;0;0;0;0;0;0;16;16;0;83;1;1;
3350000;2;1;0;0;0;0;0;0;0;0;0;0;16;16;0;47;1;1;
2900000;2;1;0;0;0;0;0;0;0;0;0;0;16;16;0;71;1;1;
4200000;2;1;0;0;0;0;0;0;0;0;0;0;16;16;0;10;1;1;
1950000;2;1;0;0;0;0;0;0;0;0;0;0;16;16;0;47;1;1;
2650000;2;1;0;0;0;0;0;0;0;0;0;0;16;16;0;35;1;1;
2200000;2;1;0;0;0;0;0;0;0;0;0;0;16;16;0;81;1;1;
5200000;2;1;0;0;0;0;0;0;0;0;0;0;16;16;0;21;1;1;
1950000;2;1;0;0;0;0;0;0;0;0;0;0;16;16;0;69;1;1;
2250000;2;0;0;1;0;0;0;0;0;0;0;0;10.25;16.726302;0;91;1;1;
1620000;2;1;0;0;0;0;0;0;0;0;0;0;16;16;0;84;1;1;
3800000;2;0;0;1;0;0;0;0;0;0;0;0;10.25;16.726299;0;91;1;1;
2150000;2;0;0;0;0;0;0;0;0;1;0;0;9.75;9.75;0;164;1;1;
2950000;2;1;0;0;0;0;0;0;0;0;0;0;16;16;0;45;1;1;
2450000;2;1;0;0;0;0;0;0;0;0;0;0;16;16;0;56;1;1;
